profile,seed,cycle,deaths,ebb_start_level,at_risk_at_ebb,submerged_samples,submerged_pct,avg_satiety,avg_warmth,avg_mood
turtle,1000,1,0,-0.000,0,0,0.0,90.5,99.5,70.0
turtle,1000,2,0,0.000,0,0,0.0,75.0,94.1,75.4
turtle,1000,3,0,0.000,0,0,0.0,77.5,91.0,77.7
turtle,1000,4,0,0.000,0,0,0.0,78.6,96.7,81.1
turtle,1000,5,0,0.000,0,0,0.0,70.2,98.1,84.6
turtle,1000,6,0,0.000,0,0,0.0,71.7,99.5,84.6
turtle,1000,7,0,2.000,0,0,0.0,68.7,99.7,84.3
turtle,1000,8,0,0.000,0,0,0.0,70.1,99.2,84.3
turtle,1000,9,0,0.000,0,0,0.0,73.4,99.6,87.0
turtle,1000,10,0,0.000,0,0,0.0,66.7,99.6,84.4
turtle,1000,11,0,0.000,0,0,0.0,72.8,99.2,83.5
turtle,1000,12,0,0.000,0,0,0.0,65.0,99.2,86.9
turtle,1000,13,0,2.000,0,0,0.0,56.1,100.0,89.4
turtle,8919,1,0,-0.000,0,0,0.0,91.0,99.5,70.0
turtle,8919,2,0,0.000,0,0,0.0,73.0,93.7,68.7
turtle,8919,3,0,0.000,0,0,0.0,77.0,83.1,68.3
turtle,8919,4,0,0.000,0,0,0.0,82.2,78.5,65.0
turtle,8919,5,0,0.000,0,0,0.0,64.2,83.6,61.7
turtle,8919,6,0,0.000,0,0,0.0,79.7,89.3,55.2
turtle,8919,7,0,2.000,0,0,0.0,69.6,93.9,52.0
turtle,8919,8,0,0.000,0,0,0.0,69.8,95.2,45.6
turtle,8919,9,0,0.000,0,0,0.0,70.0,96.5,39.2
turtle,8919,10,0,0.000,0,0,0.0,68.1,97.9,30.5
turtle,8919,11,0,0.000,0,0,0.0,70.1,98.2,22.0
turtle,8919,12,0,0.000,0,0,0.0,65.6,98.2,16.4
turtle,8919,13,0,2.000,0,0,0.0,57.0,98.9,13.7
turtle,16838,1,0,-0.000,0,0,0.0,90.5,99.8,70.0
turtle,16838,2,0,0.000,0,0,0.0,72.4,95.7,69.2
turtle,16838,3,0,0.000,0,0,0.0,78.2,95.2,68.3
turtle,16838,4,0,0.000,0,0,0.0,78.8,99.0,67.5
turtle,16838,5,0,0.000,0,0,0.0,68.2,99.9,66.7
turtle,16838,6,0,0.000,0,0,0.0,75.6,99.4,62.7
turtle,16838,7,0,2.000,0,0,0.0,68.9,99.8,59.8
turtle,16838,8,0,0.000,0,0,0.0,70.2,99.6,55.6
turtle,16838,9,0,0.000,0,0,0.0,70.4,99.9,51.6
turtle,16838,10,0,0.000,0,0,0.0,66.0,99.7,45.1
turtle,16838,11,0,0.000,0,0,0.0,70.7,99.8,38.2
turtle,16838,12,0,0.000,0,0,0.0,65.1,99.7,36.7
turtle,16838,13,0,2.000,0,0,0.0,56.2,100.0,36.7
turtle,24757,1,0,-0.000,0,0,0.0,90.0,99.9,70.0
turtle,24757,2,0,0.000,0,0,0.0,71.7,95.0,68.7
turtle,24757,3,0,0.000,0,0,0.0,79.5,91.9,67.0
turtle,24757,4,0,0.000,0,0,0.0,77.1,98.2,65.3
turtle,24757,5,0,0.000,0,0,0.0,71.3,98.9,63.7
turtle,24757,6,0,0.000,0,0,0.0,69.7,99.7,59.0
turtle,24757,7,0,2.000,0,0,0.0,67.1,99.2,55.1
turtle,24757,8,0,0.000,0,0,0.0,70.3,99.1,49.5
turtle,24757,9,0,0.000,0,0,0.0,71.0,99.8,44.4
turtle,24757,10,0,0.000,0,0,0.0,65.4,99.7,36.9
turtle,24757,11,0,0.000,0,0,0.0,70.4,99.6,27.5
turtle,24757,12,0,0.000,0,0,0.0,64.2,99.4,23.6
turtle,24757,13,0,2.000,0,0,0.0,54.4,100.0,21.8
turtle,32676,1,0,-0.000,0,0,0.0,91.0,99.5,70.0
turtle,32676,2,0,0.000,0,0,0.0,73.0,94.7,70.5
turtle,32676,3,0,0.000,0,0,0.0,76.7,86.0,70.0
turtle,32676,4,0,0.000,0,0,0.0,83.7,86.9,75.0
turtle,32676,5,0,0.000,0,0,0.0,65.7,92.9,75.7
turtle,32676,6,0,0.000,0,0,0.0,79.9,97.6,77.6
turtle,32676,7,0,2.000,0,0,0.0,69.5,99.8,76.8
turtle,32676,8,0,0.000,0,0,0.0,70.4,99.3,74.5
turtle,32676,9,0,0.000,0,0,0.0,68.4,99.9,73.0
turtle,32676,10,0,0.000,0,0,0.0,72.2,99.5,71.5
turtle,32676,11,0,0.000,0,0,0.0,69.8,99.5,66.3
turtle,32676,12,0,0.000,0,0,0.0,66.5,99.0,65.0
turtle,32676,13,0,2.000,0,0,0.0,61.9,99.9,70.9
turtle,40595,1,0,-0.000,0,0,0.0,90.5,99.6,70.0
turtle,40595,2,0,0.000,0,0,0.0,74.9,94.2,74.3
turtle,40595,3,0,0.000,0,0,0.0,77.6,92.7,74.3
turtle,40595,4,0,0.000,0,0,0.0,78.7,98.3,74.3
turtle,40595,5,0,0.000,0,0,0.0,70.2,98.9,74.3
turtle,40595,6,0,0.000,0,0,0.0,71.7,99.5,70.9
turtle,40595,7,0,2.000,0,0,0.0,68.6,99.8,68.3
turtle,40595,8,0,0.000,0,0,0.0,70.2,99.3,64.9
turtle,40595,9,0,0.000,0,0,0.0,73.4,99.6,67.0
turtle,40595,10,0,0.000,0,0,0.0,66.7,99.3,60.8
turtle,40595,11,0,0.000,0,0,0.0,70.9,99.5,52.3
turtle,40595,12,0,0.000,0,0,0.0,65.0,99.4,49.5
turtle,40595,13,0,2.000,0,0,0.0,56.5,100.0,48.8
turtle,48514,1,0,-0.000,0,0,0.0,90.5,99.5,70.0
turtle,48514,2,0,0.000,0,0,0.0,72.3,93.6,69.2
turtle,48514,3,0,0.000,0,0,0.0,78.3,90.8,68.3
turtle,48514,4,0,0.000,0,0,0.0,78.9,95.2,67.5
turtle,48514,5,0,0.000,0,0,0.0,68.2,96.4,66.7
turtle,48514,6,0,0.000,0,0,0.0,77.6,98.0,68.0
turtle,48514,7,0,2.000,0,0,0.0,68.5,98.1,64.4
turtle,48514,8,0,0.000,0,0,0.0,70.4,98.4,58.4
turtle,48514,9,0,0.000,0,0,0.0,70.1,99.8,52.7
turtle,48514,10,0,0.000,0,0,0.0,66.6,99.3,44.3
turtle,48514,11,0,0.000,0,0,0.0,69.4,99.3,36.2
turtle,48514,12,0,0.000,0,0,0.0,65.4,99.1,32.1
turtle,48514,13,0,2.000,0,0,0.0,56.1,99.9,31.1
turtle,56433,1,0,-0.000,0,0,0.0,89.5,99.3,70.0
turtle,56433,2,0,0.000,0,0,0.0,71.1,93.1,72.7
turtle,56433,3,0,0.000,0,0,0.0,81.1,82.5,72.7
turtle,56433,4,0,0.000,0,0,0.0,71.8,78.7,76.0
turtle,56433,5,0,0.000,0,0,0.0,72.5,85.5,78.5
turtle,56433,6,0,0.000,0,0,0.0,73.8,93.7,81.7
turtle,56433,7,0,2.000,0,0,0.0,69.2,96.4,80.5
turtle,56433,8,0,0.000,0,0,0.0,70.4,97.1,80.3
turtle,56433,9,0,0.000,0,0,0.0,68.8,98.2,80.5
turtle,56433,10,0,0.000,0,0,0.0,65.6,98.5,78.2
turtle,56433,11,0,0.000,0,0,0.0,69.9,98.5,75.1
turtle,56433,12,0,0.000,0,0,0.0,67.5,99.0,75.5
turtle,56433,13,0,2.000,0,0,0.0,59.6,99.9,76.6
turtle,64352,1,0,-0.000,0,0,0.0,91.0,99.6,70.0
turtle,64352,2,0,0.000,0,0,0.0,73.0,94.7,70.0
turtle,64352,3,0,0.000,0,0,0.0,78.9,87.0,74.3
turtle,64352,4,0,0.000,0,0,0.0,81.0,84.7,74.3
turtle,64352,5,0,0.000,0,0,0.0,66.1,90.4,74.3
turtle,64352,6,0,0.000,0,0,0.0,77.8,95.1,70.9
turtle,64352,7,0,2.000,0,0,0.0,67.9,99.4,69.6
turtle,64352,8,0,0.000,0,0,0.0,70.7,99.1,66.2
turtle,64352,9,0,0.000,0,0,0.0,72.7,99.5,68.5
turtle,64352,10,0,0.000,0,0,0.0,68.4,99.5,63.1
turtle,64352,11,0,0.000,0,0,0.0,70.7,98.6,57.0
turtle,64352,12,0,0.000,0,0,0.0,64.6,99.3,55.0
turtle,64352,13,0,2.000,0,0,0.0,55.7,100.0,55.0
turtle,72271,1,0,-0.000,0,0,0.0,90.5,99.6,70.0
turtle,72271,2,0,0.000,0,0,0.0,72.4,94.4,64.0
turtle,72271,3,0,0.000,0,0,0.0,78.2,84.4,59.7
turtle,72271,4,0,0.000,0,0,0.0,78.9,80.1,53.0
turtle,72271,5,0,0.000,0,0,0.0,68.3,85.2,46.3
turtle,72271,6,0,0.000,0,0,0.0,75.8,90.7,36.5
turtle,72271,7,0,2.000,0,0,0.0,68.5,94.3,30.6
turtle,72271,8,0,0.000,0,0,0.0,70.4,96.3,20.4
turtle,72271,9,0,0.000,0,0,0.0,70.5,96.9,14.8
turtle,72271,10,0,0.000,0,0,0.0,65.8,98.0,11.7
turtle,72271,11,0,0.000,0,0,0.0,70.7,98.7,10.2
turtle,72271,12,0,0.000,0,0,0.0,65.4,99.8,7.7
turtle,72271,13,0,2.000,0,0,0.0,56.2,100.0,6.7
turtle,80190,1,0,-0.000,0,0,0.0,90.5,99.5,70.0
turtle,80190,2,0,0.000,0,0,0.0,74.9,94.5,73.6
turtle,80190,3,0,0.000,0,0,0.0,77.5,91.9,72.9
turtle,80190,4,0,0.000,0,0,0.0,78.7,97.0,72.1
turtle,80190,5,0,0.000,0,0,0.0,70.3,98.0,71.4
turtle,80190,6,0,0.000,0,0,0.0,71.9,99.4,67.3
turtle,80190,7,0,2.000,0,0,0.0,68.8,99.7,64.0
turtle,80190,8,0,0.000,0,0,0.0,70.1,99.4,59.9
turtle,80190,9,0,0.000,0,0,0.0,70.8,99.8,55.9
turtle,80190,10,0,0.000,0,0,0.0,66.6,99.6,49.2
turtle,80190,11,0,0.000,0,0,0.0,71.6,99.7,41.4
turtle,80190,12,0,0.000,0,0,0.0,63.9,99.6,39.6
turtle,80190,13,0,2.000,0,0,0.0,56.1,100.0,39.3
turtle,88109,1,0,-0.000,0,0,0.0,90.5,99.4,70.0
turtle,88109,2,0,0.000,0,0,0.0,72.3,94.0,70.0
turtle,88109,3,0,0.000,0,0,0.0,79.8,85.6,74.3
turtle,88109,4,0,0.000,0,0,0.0,78.2,82.4,74.3
turtle,88109,5,0,0.000,0,0,0.0,69.7,87.8,74.3
turtle,88109,6,0,0.000,0,0,0.0,74.6,93.0,70.9
turtle,88109,7,0,2.000,0,0,0.0,67.1,97.7,69.0
turtle,88109,8,0,0.000,0,0,0.0,71.3,98.6,65.1
turtle,88109,9,0,0.000,0,0,0.0,70.3,99.6,62.2
turtle,88109,10,0,0.000,0,0,0.0,65.9,99.2,56.2
turtle,88109,11,0,0.000,0,0,0.0,71.8,99.6,48.2
turtle,88109,12,0,0.000,0,0,0.0,63.6,99.3,46.5
turtle,88109,13,0,2.000,0,0,0.0,54.4,100.0,46.4
turtle,96028,1,0,-0.000,0,0,0.0,91.0,99.9,70.0
turtle,96028,2,0,0.000,0,0,0.0,73.0,95.3,71.3
turtle,96028,3,0,0.000,0,0,0.0,76.7,93.0,72.7
turtle,96028,4,0,0.000,0,0,0.0,82.4,98.1,74.3
turtle,96028,5,0,0.000,0,0,0.0,64.4,99.2,76.0
turtle,96028,6,0,0.000,0,0,0.0,81.2,99.2,78.2
turtle,96028,7,0,2.000,0,0,0.0,70.0,100.0,78.3
turtle,96028,8,0,0.000,0,0,0.0,69.9,99.7,76.6
turtle,96028,9,0,0.000,0,0,0.0,69.6,99.3,75.4
turtle,96028,10,0,0.000,0,0,0.0,69.0,99.6,70.2
turtle,96028,11,0,0.000,0,0,0.0,69.4,99.4,65.0
turtle,96028,12,0,0.000,0,0,0.0,67.2,99.6,64.1
turtle,96028,13,0,2.000,0,0,0.0,63.8,100.0,70.1
turtle,103947,1,0,-0.000,0,0,0.0,90.5,99.7,70.0
turtle,103947,2,0,0.000,0,0,0.0,72.2,94.9,66.2
turtle,103947,3,0,0.000,0,0,0.0,80.0,93.2,67.7
turtle,103947,4,0,0.000,0,0,0.0,78.2,97.9,63.9
turtle,103947,5,0,0.000,0,0,0.0,69.6,98.3,60.0
turtle,103947,6,0,0.000,0,0,0.0,74.3,99.1,52.8
turtle,103947,7,0,2.000,0,0,0.0,67.1,99.6,47.5
turtle,103947,8,0,0.000,0,0,0.0,71.2,99.5,39.9
turtle,103947,9,0,0.000,0,0,0.0,70.4,99.7,33.0
turtle,103947,10,0,0.000,0,0,0.0,65.8,99.5,25.8
turtle,103947,11,0,0.000,0,0,0.0,71.8,99.9,21.5
turtle,103947,12,0,0.000,0,0,0.0,63.6,99.6,18.9
turtle,103947,13,0,2.000,0,0,0.0,54.3,100.0,18.3
turtle,111866,1,0,-0.000,0,0,0.0,90.5,99.9,70.0
turtle,111866,2,0,0.000,0,0,0.0,72.3,95.0,66.0
turtle,111866,3,0,0.000,0,0,0.0,78.4,93.1,62.0
turtle,111866,4,0,0.000,0,0,0.0,78.8,98.2,57.0
turtle,111866,5,0,0.000,0,0,0.0,68.2,97.9,52.0
turtle,111866,6,0,0.000,0,0,0.0,75.8,98.7,43.8
turtle,111866,7,0,2.000,0,0,0.0,68.7,99.4,39.5
turtle,111866,8,0,0.000,0,0,0.0,70.3,99.5,31.1
turtle,111866,9,0,0.000,0,0,0.0,70.3,99.8,22.9
turtle,111866,10,0,0.000,0,0,0.0,66.1,99.7,12.6
turtle,111866,11,0,0.000,0,0,0.0,70.8,99.6,3.3
turtle,111866,12,0,0.000,0,0,0.0,65.4,99.9,0.0
turtle,111866,13,0,2.000,0,0,0.0,56.1,100.0,0.0
turtle,119785,1,0,-0.000,0,0,0.0,90.5,99.4,70.0
turtle,119785,2,0,0.000,0,0,0.0,75.0,94.0,72.0
turtle,119785,3,0,0.000,0,0,0.0,77.3,90.3,71.4
turtle,119785,4,0,0.000,0,0,0.0,80.1,95.9,74.1
turtle,119785,5,0,0.000,0,0,0.0,70.7,96.5,72.6
turtle,119785,6,0,0.000,0,0,0.0,74.0,97.8,72.5
turtle,119785,7,0,2.000,0,0,0.0,68.9,98.4,69.4
turtle,119785,8,0,0.000,0,0,0.0,72.4,98.4,68.1
turtle,119785,9,0,0.000,0,0,0.0,69.7,99.4,62.3
turtle,119785,10,0,0.000,0,0,0.0,67.5,99.4,52.1
turtle,119785,11,0,0.000,0,0,0.0,66.6,98.9,40.2
turtle,119785,12,0,0.000,0,0,0.0,60.0,98.7,34.6
turtle,119785,13,0,2.000,0,0,0.0,53.3,98.5,32.6
turtle,127704,1,0,-0.000,0,0,0.0,91.0,99.5,70.0
turtle,127704,2,0,0.000,0,0,0.0,75.6,94.2,74.3
turtle,127704,3,0,0.000,0,0,0.0,76.0,90.4,74.3
turtle,127704,4,0,0.000,0,0,0.0,81.8,94.8,74.3
turtle,127704,5,0,0.000,0,0,0.0,67.0,94.1,74.3
turtle,127704,6,0,0.000,0,0,0.0,75.6,96.5,70.9
turtle,127704,7,0,2.000,0,0,0.0,69.2,99.2,69.0
turtle,127704,8,0,0.000,0,0,0.0,72.5,99.0,70.8
turtle,127704,9,0,0.000,0,0,0.0,70.7,99.6,68.1
turtle,127704,10,0,0.000,0,0,0.0,67.7,99.4,61.9
turtle,127704,11,0,0.000,0,0,0.0,70.8,99.5,54.4
turtle,127704,12,0,0.000,0,0,0.0,65.8,99.5,52.2
turtle,127704,13,0,2.000,0,0,0.0,58.8,100.0,51.9
turtle,135623,1,0,-0.000,0,0,0.0,90.5,99.5,70.0
turtle,135623,2,0,0.000,0,0,0.0,72.3,94.0,68.3
turtle,135623,3,0,0.000,0,0,0.0,80.0,85.6,71.4
turtle,135623,4,0,0.000,0,0,0.0,78.1,81.7,69.3
turtle,135623,5,0,0.000,0,0,0.0,72.1,88.0,70.4
turtle,135623,6,0,0.000,0,0,0.0,74.5,92.3,64.0
turtle,135623,7,0,2.000,0,0,0.0,67.6,97.8,58.9
turtle,135623,8,0,0.000,0,0,0.0,70.7,99.1,51.6
turtle,135623,9,0,0.000,0,0,0.0,70.7,99.8,44.9
turtle,135623,10,0,0.000,0,0,0.0,65.4,99.4,36.8
turtle,135623,11,0,0.000,0,0,0.0,72.2,99.6,29.0
turtle,135623,12,0,0.000,0,0,0.0,64.2,99.7,25.5
turtle,135623,13,0,2.000,0,0,0.0,57.4,100.0,23.8
turtle,143542,1,0,-0.000,0,0,0.0,91.0,99.5,70.0
turtle,143542,2,0,0.000,0,0,0.0,75.6,94.5,77.7
turtle,143542,3,0,0.000,0,0,0.0,76.2,92.8,80.3
turtle,143542,4,0,0.000,0,0,0.0,81.5,98.3,85.4
turtle,143542,5,0,0.000,0,0,0.0,66.9,99.3,90.6
turtle,143542,6,0,0.000,0,0,0.0,75.6,99.6,91.8
turtle,143542,7,0,2.000,0,0,0.0,69.3,99.7,91.5
turtle,143542,8,0,0.000,0,0,0.0,69.7,99.7,92.8
turtle,143542,9,0,0.000,0,0,0.0,73.1,99.9,93.0
turtle,143542,10,0,0.000,0,0,0.0,68.2,99.3,90.0
turtle,143542,11,0,0.000,0,0,0.0,70.6,99.8,87.0
turtle,143542,12,0,0.000,0,0,0.0,65.5,99.6,90.1
turtle,143542,13,0,2.000,0,0,0.0,62.0,100.0,93.2
turtle,151461,1,0,-0.000,0,0,0.0,90.5,99.3,70.0
turtle,151461,2,0,0.000,0,0,0.0,72.4,93.7,70.5
turtle,151461,3,0,0.000,0,0,0.0,77.9,90.9,70.0
turtle,151461,4,0,0.000,0,0,0.0,80.7,96.1,75.0
turtle,151461,5,0,0.000,0,0,0.0,69.1,96.2,75.7
turtle,151461,6,0,0.000,0,0,0.0,76.8,96.9,77.6
turtle,151461,7,0,2.000,0,0,0.0,69.0,97.7,76.2
turtle,151461,8,0,0.000,0,0,0.0,70.5,98.0,73.7
turtle,151461,9,0,0.000,0,0,0.0,71.2,98.2,76.2
turtle,151461,10,0,0.000,0,0,0.0,68.8,99.1,70.8
turtle,151461,11,0,0.000,0,0,0.0,69.2,99.2,64.7
turtle,151461,12,0,0.000,0,0,0.0,66.9,99.3,63.2
turtle,151461,13,0,2.000,0,0,0.0,58.5,100.0,63.8
greedy,1000,1,3,-0.000,0,15,1.1,92.6,98.9,60.9
greedy,1000,2,0,0.000,0,0,0.0,76.4,95.6,0.0
greedy,1000,3,0,0.000,0,0,0.0,60.6,94.7,0.0
greedy,1000,4,0,0.000,0,0,0.0,44.9,99.4,0.0
greedy,1000,5,0,0.000,0,0,0.0,29.1,99.9,0.0
greedy,1000,6,0,0.000,0,0,0.0,13.4,99.9,0.0
greedy,1000,7,0,2.000,0,0,0.0,1.0,98.2,0.0
greedy,1000,8,0,0.000,0,0,0.0,0.0,91.9,0.0
greedy,1000,9,0,0.000,0,0,0.0,0.0,85.6,0.0
greedy,1000,10,0,0.000,0,0,0.0,0.0,78.7,0.0
greedy,1000,11,0,0.000,0,0,0.0,0.0,69.6,5.0
greedy,1000,12,0,0.000,0,0,0.0,0.0,64.7,5.0
greedy,1000,13,0,2.000,0,0,0.0,0.0,0.0,0.0
greedy,8919,1,1,-0.000,0,6,0.4,92.4,98.6,65.0
greedy,8919,2,2,0.000,0,10,0.8,77.0,92.7,37.4
greedy,8919,3,0,0.000,0,0,0.0,60.6,83.4,0.0
greedy,8919,4,0,0.000,0,0,0.0,44.9,82.0,0.0
greedy,8919,5,0,0.000,0,0,0.0,29.1,88.8,0.0
greedy,8919,6,0,0.000,0,0,0.0,13.4,96.4,0.0
greedy,8919,7,0,2.000,0,0,0.0,1.0,98.3,0.0
greedy,8919,8,0,0.000,0,0,0.0,0.0,92.4,0.0
greedy,8919,9,0,0.000,0,0,0.0,0.0,85.8,0.0
greedy,8919,10,0,0.000,0,0,0.0,0.0,79.0,0.0
greedy,8919,11,0,0.000,0,0,0.0,0.0,70.3,5.0
greedy,8919,12,0,0.000,0,0,0.0,0.0,65.0,2.3
greedy,8919,13,0,2.000,0,0,0.0,0.0,0.0,0.0
greedy,16838,1,3,-0.000,0,15,1.1,92.4,98.8,60.8
greedy,16838,2,0,0.000,0,0,0.0,73.8,93.6,0.0
greedy,16838,3,0,0.000,0,0,0.0,56.3,86.0,0.0
greedy,16838,4,0,0.000,0,0,0.0,38.8,85.8,0.0
greedy,16838,5,0,0.000,0,0,0.0,21.5,91.7,0.0
greedy,16838,6,0,0.000,0,0,0.0,8.9,95.6,0.0
greedy,16838,7,0,2.000,0,0,0.0,0.6,98.5,0.0
greedy,16838,8,0,0.000,0,0,0.0,0.0,95.8,0.0
greedy,16838,9,0,0.000,0,0,0.0,0.0,92.8,0.0
greedy,16838,10,0,0.000,0,0,0.0,0.0,89.9,0.0
greedy,16838,11,0,0.000,0,0,0.0,0.0,85.3,5.0
greedy,16838,12,0,0.000,0,0,0.0,0.0,79.8,3.3
greedy,16838,13,0,2.000,0,0,0.0,0.0,0.0,0.0
greedy,24757,1,1,-0.000,0,5,0.3,91.4,98.7,65.0
greedy,24757,2,2,0.000,0,9,0.8,73.5,94.1,37.3
greedy,24757,3,0,0.000,0,0,0.0,51.9,86.0,0.0
greedy,24757,4,0,0.000,0,0,0.0,32.6,85.0,0.0
greedy,24757,5,0,0.000,0,0,0.0,13.8,92.6,0.0
greedy,24757,6,0,0.000,0,0,0.0,4.5,98.7,0.0
greedy,24757,7,0,2.000,0,0,0.0,0.3,99.4,0.0
greedy,24757,8,0,0.000,0,0,0.0,0.0,97.2,0.0
greedy,24757,9,0,0.000,0,0,0.0,0.0,95.1,0.0
greedy,24757,10,0,0.000,0,0,0.0,0.0,93.0,0.0
greedy,24757,11,0,0.000,0,0,0.0,0.0,89.8,5.0
greedy,24757,12,0,0.000,0,0,0.0,0.0,88.3,4.3
greedy,24757,13,0,2.000,0,0,0.0,0.0,0.0,0.0
greedy,32676,1,1,-0.000,0,5,0.3,92.4,99.1,65.0
greedy,32676,2,1,0.000,0,8,0.6,76.7,95.5,39.1
greedy,32676,3,0,0.000,0,0,0.0,60.6,87.9,20.0
greedy,32676,4,0,0.000,0,0,0.0,44.9,86.0,20.0
greedy,32676,5,3,0.000,0,18,2.2,30.7,87.4,22.1
greedy,32676,6,0,0.000,0,0,0.0,0.0,0.0,0.0
greedy,40595,1,3,-0.000,0,15,1.1,92.6,98.6,60.8
greedy,40595,2,0,0.000,0,0,0.0,76.4,93.1,0.0
greedy,40595,3,0,0.000,0,0,0.0,60.6,91.9,0.0
greedy,40595,4,0,0.000,0,0,0.0,44.9,98.0,0.0
greedy,40595,5,0,0.000,0,0,0.0,29.1,99.9,0.0
greedy,40595,6,0,0.000,0,0,0.0,13.4,99.9,0.0
greedy,40595,7,0,2.000,0,0,0.0,1.0,98.3,0.0
greedy,40595,8,0,0.000,0,0,0.0,0.0,92.0,0.0
greedy,40595,9,0,0.000,0,0,0.0,0.0,85.5,0.0
greedy,40595,10,0,0.000,0,0,0.0,0.0,78.8,0.0
greedy,40595,11,0,0.000,0,0,0.0,0.0,69.9,5.0
greedy,40595,12,0,0.000,0,0,0.0,0.0,65.3,5.0
greedy,40595,13,0,2.000,0,0,0.0,0.0,0.0,0.0
greedy,48514,1,2,-0.000,0,12,0.8,92.1,98.6,62.1
greedy,48514,2,1,0.000,0,5,0.5,74.7,93.9,16.7
greedy,48514,3,0,0.000,0,0,0.0,56.3,83.3,0.0
greedy,48514,4,0,0.000,0,0,0.0,38.8,81.3,0.0
greedy,48514,5,0,0.000,0,0,0.0,21.5,87.6,0.0
greedy,48514,6,0,0.000,0,0,0.0,8.9,93.4,0.0
greedy,48514,7,0,2.000,0,0,0.0,0.6,94.1,0.0
greedy,48514,8,0,0.000,0,0,0.0,0.0,90.2,0.0
greedy,48514,9,0,0.000,0,0,0.0,0.0,86.5,0.0
greedy,48514,10,0,0.000,0,0,0.0,0.0,82.4,0.0
greedy,48514,11,0,0.000,0,0,0.0,0.0,77.0,5.0
greedy,48514,12,0,0.000,0,0,0.0,0.0,73.9,5.0
greedy,48514,13,0,2.000,0,0,0.0,0.0,0.0,0.0
greedy,56433,1,1,-0.000,0,5,0.3,91.0,98.9,65.0
greedy,56433,2,3,0.000,0,15,1.3,72.4,94.6,41.8
greedy,56433,3,0,0.000,0,0,0.0,58.0,89.2,0.0
greedy,64352,1,3,-0.000,0,15,1.1,92.9,99.0,60.8
greedy,64352,2,0,0.000,0,0,0.0,76.4,96.1,0.7
greedy,64352,3,0,0.000,0,0,0.0,60.6,88.6,0.7
greedy,64352,4,0,0.000,0,0,0.0,44.9,87.4,1.3
greedy,64352,5,0,0.000,0,0,0.0,29.1,91.2,2.0
greedy,64352,6,2,0.000,0,15,2.2,14.4,90.7,2.4
greedy,64352,7,0,2.000,0,0,0.0,5.5,84.3,0.0
greedy,72271,1,3,-0.000,0,15,1.1,92.4,98.9,60.8
greedy,72271,2,0,0.000,0,0,0.0,73.8,95.6,0.0
greedy,72271,3,0,0.000,0,0,0.0,56.3,94.6,0.0
greedy,72271,4,0,0.000,0,0,0.0,38.8,99.6,0.0
greedy,72271,5,0,0.000,0,0,0.0,21.5,99.9,0.0
greedy,72271,6,0,0.000,0,0,0.0,8.9,99.9,0.0
greedy,72271,7,0,2.000,0,0,0.0,0.6,99.0,0.0
greedy,72271,8,0,0.000,0,0,0.0,0.0,94.7,0.0
greedy,72271,9,0,0.000,0,0,0.0,0.0,90.4,0.0
greedy,72271,10,0,0.000,0,0,0.0,0.0,86.0,0.0
greedy,72271,11,0,0.000,0,0,0.0,0.0,79.8,5.0
greedy,72271,12,0,0.000,0,0,0.0,0.0,76.2,0.0
greedy,72271,13,0,2.000,0,0,0.0,0.0,0.0,0.0
greedy,80190,1,1,-0.000,0,5,0.3,91.9,99.1,64.9
greedy,80190,2,1,0.000,0,5,0.4,75.0,95.3,38.8
greedy,80190,3,0,0.000,0,0,0.0,57.4,87.2,17.5
greedy,80190,4,0,0.000,0,0,0.0,40.3,79.4,17.5
greedy,80190,5,0,0.000,0,0,0.0,23.4,71.5,17.5
greedy,80190,6,0,0.000,0,0,0.0,10.0,63.6,16.2
greedy,80190,7,0,2.000,0,0,0.0,0.7,55.7,16.2
greedy,80190,8,0,0.000,0,0,0.0,0.0,47.9,16.2
greedy,80190,9,0,0.000,0,0,0.0,0.0,40.0,15.0
greedy,80190,10,0,0.000,0,0,0.0,0.0,32.6,12.5
greedy,80190,11,0,0.000,0,0,0.0,0.0,25.2,15.0
greedy,80190,12,0,0.000,0,0,0.0,0.0,17.4,11.2
greedy,80190,13,0,2.000,0,0,0.0,0.0,0.0,0.0
greedy,88109,1,3,-0.000,0,15,1.1,92.4,98.9,60.8
greedy,88109,2,0,0.000,0,0,0.0,73.8,95.6,0.0
greedy,88109,3,0,0.000,0,0,0.0,56.3,86.8,0.0
greedy,88109,4,0,0.000,0,0,0.0,38.8,86.1,0.0
greedy,88109,5,0,0.000,0,0,0.0,21.5,93.5,0.0
greedy,88109,6,0,0.000,0,0,0.0,8.9,99.5,0.0
greedy,88109,7,0,2.000,0,0,0.0,0.6,98.9,0.0
greedy,88109,8,0,0.000,0,0,0.0,0.0,94.9,0.0
greedy,88109,9,0,0.000,0,0,0.0,0.0,90.5,0.0
greedy,88109,10,0,0.000,0,0,0.0,0.0,86.0,0.0
greedy,88109,11,0,0.000,0,0,0.0,0.0,80.1,5.0
greedy,88109,12,0,0.000,0,0,0.0,0.0,76.7,5.0
greedy,88109,13,0,2.000,0,0,0.0,0.0,0.0,0.0
greedy,96028,1,3,-0.000,0,15,1.1,92.9,99.0,60.8
greedy,96028,2,0,0.000,0,0,0.0,76.4,96.2,1.3
greedy,96028,3,0,0.000,0,0,0.0,60.6,88.6,2.7
greedy,96028,4,0,0.000,0,0,0.0,44.9,85.0,4.0
greedy,96028,5,0,0.000,0,0,0.0,29.1,88.7,4.0
greedy,96028,6,0,0.000,0,0,0.0,13.4,87.4,4.0
greedy,96028,7,0,2.000,0,0,0.0,1.0,79.8,5.3
greedy,96028,8,0,0.000,0,0,0.0,0.0,72.2,5.3
greedy,96028,9,0,0.000,0,0,0.0,0.0,64.6,5.3
greedy,96028,10,0,0.000,0,0,0.0,0.0,57.3,5.3
greedy,96028,11,0,0.000,0,0,0.0,0.0,49.2,5.3
greedy,96028,12,0,0.000,0,0,0.0,0.0,41.6,3.7
greedy,96028,13,0,2.000,0,0,0.0,0.0,0.0,0.0
greedy,103947,1,1,-0.000,0,5,0.3,92.1,99.0,65.0
greedy,103947,2,4,0.000,0,19,1.8,77.8,95.7,38.8
greedy,103947,3,0,0.000,0,0,0.0,68.5,91.2,0.0
greedy,111866,1,3,-0.000,0,15,1.1,92.6,99.0,60.8
greedy,111866,2,0,0.000,0,0,0.0,76.4,95.6,0.0
greedy,111866,3,0,0.000,0,0,0.0,60.6,95.1,0.0
greedy,111866,4,0,0.000,0,0,0.0,44.9,99.7,0.0
greedy,111866,5,0,0.000,0,0,0.0,29.1,99.9,0.0
greedy,111866,6,0,0.000,0,0,0.0,13.4,99.9,0.0
greedy,111866,7,0,2.000,0,0,0.0,1.0,98.2,0.0
greedy,111866,8,0,0.000,0,0,0.0,0.0,96.9,0.0
greedy,111866,9,0,0.000,0,0,0.0,0.0,95.1,0.0
greedy,111866,10,0,0.000,0,0,0.0,0.0,92.8,0.0
greedy,111866,11,0,0.000,0,0,0.0,0.0,89.8,5.0
greedy,111866,12,0,0.000,0,0,0.0,0.0,88.0,5.0
greedy,111866,13,0,2.000,0,0,0.0,0.0,0.0,0.0
greedy,119785,1,1,-0.000,0,5,0.3,92.1,98.8,65.0
greedy,119785,2,2,0.000,0,15,1.3,77.0,94.0,37.6
greedy,119785,3,0,0.000,0,0,0.0,60.6,83.5,0.0
greedy,119785,4,0,0.000,0,0,0.0,44.9,73.6,0.0
greedy,119785,5,0,0.000,0,0,0.0,29.1,71.5,0.0
greedy,119785,6,0,0.000,0,0,0.0,13.4,77.1,0.0
greedy,119785,7,0,2.000,0,0,0.0,1.0,83.0,0.0
greedy,119785,8,0,0.000,0,0,0.0,0.0,84.6,0.0
greedy,119785,9,0,0.000,0,0,0.0,0.0,88.0,0.0
greedy,119785,10,0,0.000,0,0,0.0,0.0,89.2,0.0
greedy,119785,11,0,0.000,0,0,0.0,0.0,88.8,5.0
greedy,119785,12,0,0.000,0,0,0.0,0.0,88.9,2.3
greedy,119785,13,0,2.000,0,0,0.0,0.0,0.0,0.0
greedy,127704,1,1,-0.000,0,5,0.3,92.4,98.9,65.0
greedy,127704,2,1,0.000,0,5,0.4,76.7,94.1,40.3
greedy,127704,3,0,0.000,0,0,0.0,60.6,85.2,20.0
greedy,127704,4,0,0.000,0,0,0.0,44.9,76.5,20.0
greedy,127704,5,0,0.000,0,0,0.0,29.1,67.7,20.0
greedy,127704,6,1,0.000,0,5,0.5,13.7,59.2,16.6
greedy,127704,7,0,2.000,0,0,0.0,1.0,50.4,0.0
greedy,127704,8,0,0.000,0,0,0.0,0.0,41.6,0.0
greedy,127704,9,0,0.000,0,0,0.0,0.0,32.9,0.0
greedy,127704,10,0,0.000,0,0,0.0,0.0,24.1,0.0
greedy,127704,11,0,0.000,0,0,0.0,0.0,12.7,0.0
greedy,127704,12,0,0.000,0,0,0.0,0.0,4.0,0.0
greedy,127704,13,0,2.000,0,0,0.0,0.0,0.0,0.0
greedy,135623,1,3,-0.000,0,15,1.1,92.4,99.1,60.8
greedy,135623,2,0,0.000,0,0,0.0,73.8,95.6,0.0
greedy,135623,3,0,0.000,0,0,0.0,56.3,94.8,0.0
greedy,135623,4,0,0.000,0,0,0.0,38.8,99.6,0.0
greedy,135623,5,0,0.000,0,0,0.0,21.5,99.9,0.0
greedy,135623,6,0,0.000,0,0,0.0,8.9,99.9,0.0
greedy,135623,7,0,2.000,0,0,0.0,0.6,99.0,0.0
greedy,135623,8,0,0.000,0,0,0.0,0.0,94.8,0.0
greedy,135623,9,0,0.000,0,0,0.0,0.0,90.2,0.0
greedy,135623,10,0,0.000,0,0,0.0,0.0,85.6,0.0
greedy,135623,11,0,0.000,0,0,0.0,0.0,79.6,5.0
greedy,135623,12,0,0.000,0,0,0.0,0.0,76.3,1.7
greedy,135623,13,0,2.000,0,0,0.0,0.0,0.0,0.0
greedy,143542,1,3,-0.000,0,20,1.4,92.9,99.0,61.0
greedy,143542,2,0,0.000,0,0,0.0,76.4,96.2,1.3
greedy,143542,3,0,0.000,0,0,0.0,60.6,88.6,2.7
greedy,143542,4,0,0.000,0,0,0.0,44.9,81.0,4.0
greedy,143542,5,0,0.000,0,4,0.5,29.1,76.2,5.3
greedy,143542,6,0,0.000,0,0,0.0,13.4,77.6,6.7
greedy,143542,7,0,2.000,0,0,0.0,1.0,76.6,8.0
greedy,143542,8,0,0.000,0,0,0.0,0.0,69.0,9.3
greedy,143542,9,0,0.000,0,0,0.0,0.0,61.4,10.7
greedy,143542,10,0,0.000,0,0,0.0,0.0,54.3,12.0
greedy,143542,11,0,0.000,0,0,0.0,0.0,47.2,13.3
greedy,143542,12,0,0.000,0,0,0.0,0.0,39.6,13.0
greedy,143542,13,0,2.000,0,0,0.0,0.0,0.0,0.0
greedy,151461,1,3,-0.000,0,15,1.1,92.4,98.9,60.8
greedy,151461,2,0,0.000,0,0,0.0,73.8,95.4,0.0
greedy,151461,3,0,0.000,0,0,0.0,56.3,96.0,0.0
greedy,151461,4,0,0.000,0,0,0.0,38.8,99.7,0.0
greedy,151461,5,0,0.000,0,0,0.0,21.5,99.9,0.0
greedy,151461,6,0,0.000,0,0,0.0,8.9,99.9,0.0
greedy,151461,7,0,2.000,0,0,0.0,0.6,99.2,0.0
greedy,151461,8,0,0.000,0,0,0.0,0.0,96.5,0.0
greedy,151461,9,0,0.000,0,0,0.0,0.0,93.8,0.0
greedy,151461,10,0,0.000,0,0,0.0,0.0,91.0,0.0
greedy,151461,11,0,0.000,0,0,0.0,0.0,87.0,5.0
greedy,151461,12,0,0.000,0,0,0.0,0.0,85.0,5.0
greedy,151461,13,0,2.000,0,0,0.0,0.0,0.0,0.0
builder,1000,1,0,-0.000,0,0,0.0,90.5,99.7,70.0
builder,1000,2,0,0.000,0,0,0.0,72.4,95.0,72.0
builder,1000,3,0,0.000,0,0,0.0,78.1,93.2,75.3
builder,1000,4,0,0.000,0,0,0.0,78.9,99.6,78.7
builder,1000,5,0,0.000,0,0,0.0,71.5,99.9,84.6
builder,1000,6,0,0.000,0,0,0.0,75.6,99.9,85.2
builder,1000,7,0,2.000,0,0,0.0,66.2,97.3,86.0
builder,1000,8,0,0.000,0,0,0.0,69.5,95.6,83.7
builder,1000,9,0,0.000,0,0,0.0,70.6,99.9,83.8
builder,1000,10,0,0.000,0,0,0.0,65.6,99.9,80.8
builder,1000,11,0,0.000,0,0,0.0,73.7,99.6,79.2
builder,1000,12,0,0.000,0,0,0.0,65.4,98.9,80.4
builder,1000,13,0,2.000,0,0,0.0,56.3,99.4,82.9
builder,8919,1,0,-0.000,0,0,0.0,91.0,99.6,70.0
builder,8919,2,0,0.000,0,0,0.0,75.6,93.9,73.7
builder,8919,3,0,0.000,0,0,0.0,76.2,83.3,72.6
builder,8919,4,0,0.000,0,0,0.0,81.5,81.8,67.4
builder,8919,5,0,0.000,0,0,0.0,67.0,92.2,62.3
builder,8919,6,0,0.000,0,0,0.0,75.6,97.6,53.8
builder,8919,7,0,2.000,0,0,0.0,69.0,95.7,48.5
builder,8919,8,0,0.000,0,0,0.0,69.6,94.3,42.8
builder,8919,9,0,0.000,0,0,0.0,70.6,98.0,34.5
builder,8919,10,0,0.000,0,0,0.0,67.5,99.2,23.3
builder,8919,11,0,0.000,0,0,0.0,71.1,99.6,11.1
builder,8919,12,0,0.000,0,0,0.0,64.9,99.9,5.3
builder,8919,13,0,2.000,0,0,0.0,56.8,100.0,2.3
builder,16838,1,0,-0.000,0,0,0.0,90.5,99.8,70.0
builder,16838,2,0,0.000,0,0,0.0,72.4,96.0,69.2
builder,16838,3,0,0.000,0,0,0.0,78.0,95.9,68.3
builder,16838,4,0,0.000,0,0,0.0,79.0,99.8,67.5
builder,16838,5,0,0.000,0,0,0.0,68.4,99.9,66.7
builder,16838,6,0,0.000,0,0,0.0,78.1,99.7,68.0
builder,16838,7,0,2.000,0,0,0.0,69.2,97.6,65.6
builder,16838,8,0,0.000,0,0,0.0,70.2,96.2,61.6
builder,16838,9,0,0.000,0,0,0.0,69.6,99.8,57.8
builder,16838,10,0,0.000,0,0,0.0,67.3,99.9,50.2
builder,16838,11,0,0.000,0,0,0.0,69.6,99.9,41.3
builder,16838,12,0,0.000,0,0,0.0,66.9,99.8,39.3
builder,16838,13,0,2.000,0,0,0.0,57.8,100.0,39.3
builder,24757,1,0,-0.000,0,0,0.0,90.0,99.7,70.0
builder,24757,2,0,0.000,0,0,0.0,71.6,94.5,69.0
builder,24757,3,0,0.000,0,0,0.0,79.5,92.2,67.3
builder,24757,4,0,0.000,0,0,0.0,75.6,99.4,65.7
builder,24757,5,0,0.000,0,0,0.0,72.3,99.9,64.0
builder,24757,6,0,0.000,0,0,0.0,73.9,99.9,65.0
builder,24757,7,0,2.000,0,0,0.0,62.5,96.7,62.3
builder,24757,8,0,0.000,0,0,0.0,71.7,95.9,63.0
builder,24757,9,0,0.000,0,0,0.0,71.1,99.4,57.3
builder,24757,10,0,0.000,0,0,0.0,65.1,99.9,48.4
builder,24757,11,0,0.000,0,0,0.0,69.9,99.9,36.5
builder,24757,12,0,0.000,0,0,0.0,65.6,99.9,31.5
builder,24757,13,0,2.000,0,0,0.0,57.6,100.0,30.2
builder,32676,1,0,-0.000,0,0,0.0,91.0,99.7,70.0
builder,32676,2,0,0.000,0,0,0.0,75.6,95.1,73.6
builder,32676,3,0,0.000,0,0,0.0,76.3,94.3,74.3
builder,32676,4,0,0.000,0,0,0.0,81.5,99.5,75.3
builder,32676,5,0,0.000,0,0,0.0,66.9,99.9,76.3
builder,32676,6,0,0.000,0,0,0.0,75.6,100.0,73.9
builder,32676,7,0,2.000,0,0,0.0,66.4,96.8,77.4
builder,32676,8,0,0.000,0,0,0.0,68.9,95.6,74.1
builder,32676,9,0,0.000,0,0,0.0,70.2,99.2,72.0
builder,32676,10,0,0.000,0,0,0.0,67.6,99.9,66.4
builder,32676,11,0,0.000,0,0,0.0,71.0,99.9,59.2
builder,32676,12,0,0.000,0,0,0.0,64.7,99.9,58.4
builder,32676,13,0,2.000,0,0,0.0,56.5,100.0,58.9
builder,40595,1,0,-0.000,0,0,0.0,90.5,99.8,70.0
builder,40595,2,0,0.000,0,0,0.0,72.3,94.9,70.0
builder,40595,3,0,0.000,0,0,0.0,78.1,94.0,70.0
builder,40595,4,0,0.000,0,0,0.0,80.7,99.9,74.3
builder,40595,5,0,0.000,0,0,0.0,69.0,99.9,76.0
builder,40595,6,0,0.000,0,0,0.0,74.5,99.9,74.7
builder,40595,7,0,2.000,0,0,0.0,68.3,96.9,73.2
builder,40595,8,0,0.000,0,0,0.0,71.0,95.6,71.3
builder,40595,9,0,0.000,0,0,0.0,68.9,99.8,70.3
builder,40595,10,0,0.000,0,0,0.0,67.2,99.9,64.9
builder,40595,11,0,0.000,0,0,0.0,70.3,99.9,57.6
builder,40595,12,0,0.000,0,0,0.0,66.0,99.9,56.9
builder,40595,13,0,2.000,0,0,0.0,56.9,100.0,58.0
builder,48514,1,0,-0.000,0,0,0.0,90.5,99.7,70.0
builder,48514,2,0,0.000,0,0,0.0,74.5,94.1,73.6
builder,48514,3,0,0.000,0,0,0.0,76.8,92.1,72.9
builder,48514,4,0,0.000,0,0,0.0,79.9,98.1,72.1
builder,48514,5,0,0.000,0,0,0.0,67.3,99.4,71.4
builder,48514,6,0,0.000,0,0,0.0,74.8,99.9,71.4
builder,48514,7,0,2.000,0,0,0.0,63.3,96.5,69.4
builder,48514,8,0,0.000,0,0,0.0,69.0,94.9,64.6
builder,48514,9,0,0.000,0,0,0.0,70.2,99.8,60.5
builder,48514,10,0,0.000,0,0,0.0,65.7,99.9,53.8
builder,48514,11,0,0.000,0,0,0.0,71.1,99.9,45.0
builder,48514,12,0,0.000,0,0,0.0,65.0,99.8,42.1
builder,48514,13,0,2.000,0,0,0.0,56.8,100.0,41.2
builder,56433,1,0,-0.000,0,0,0.0,89.5,99.5,70.0
builder,56433,2,0,0.000,0,0,0.0,70.9,94.4,71.3
builder,56433,3,0,0.000,0,0,0.0,82.5,93.6,78.3
builder,56433,4,0,0.000,0,0,0.0,72.1,99.2,81.0
builder,56433,5,0,0.000,0,0,0.0,72.1,99.9,82.7
builder,56433,6,0,0.000,0,0,0.0,70.6,99.9,82.2
builder,56433,7,0,2.000,0,0,0.0,67.8,97.2,80.0
builder,56433,8,0,0.000,0,0,0.0,69.1,96.4,76.5
builder,56433,9,0,0.000,0,0,0.0,72.3,99.9,79.4
builder,56433,10,0,0.000,0,0,0.0,66.1,99.8,75.7
builder,56433,11,0,0.000,0,0,0.0,72.6,99.7,74.3
builder,56433,12,0,0.000,0,0,0.0,68.0,99.9,74.7
builder,56433,13,0,2.000,0,0,0.0,61.0,100.0,75.2
builder,64352,1,0,-0.000,0,0,0.0,91.0,99.7,70.0
builder,64352,2,0,0.000,0,0,0.0,75.6,95.7,74.3
builder,64352,3,0,0.000,0,0,0.0,76.1,95.5,74.3
builder,64352,4,0,0.000,0,0,0.0,81.6,99.9,74.3
builder,64352,5,0,0.000,0,0,0.0,67.0,99.9,74.3
builder,64352,6,0,0.000,0,0,0.0,75.9,99.9,70.9
builder,64352,7,0,2.000,0,0,0.0,65.4,97.3,68.8
builder,64352,8,0,0.000,0,0,0.0,69.5,96.5,65.1
builder,64352,9,0,0.000,0,0,0.0,70.3,99.9,62.0
builder,64352,10,0,0.000,0,0,0.0,67.6,99.9,55.2
builder,64352,11,0,0.000,0,0,0.0,71.0,99.9,46.3
builder,64352,12,0,0.000,0,0,0.0,65.0,98.5,44.3
builder,64352,13,0,2.000,0,0,0.0,56.9,100.0,44.1
builder,72271,1,0,-0.000,0,0,0.0,90.5,99.7,70.0
builder,72271,2,0,0.000,0,0,0.0,72.4,95.0,64.0
builder,72271,3,0,0.000,0,0,0.0,78.0,93.9,57.3
builder,72271,4,0,0.000,0,0,0.0,78.9,99.3,50.7
builder,72271,5,0,0.000,0,0,0.0,68.3,99.9,44.0
builder,72271,6,0,0.000,0,0,0.0,75.7,99.9,34.2
builder,72271,7,0,2.000,0,0,0.0,68.4,98.8,27.6
builder,72271,8,0,0.000,0,0,0.0,70.5,97.9,17.7
builder,72271,9,0,0.000,0,0,0.0,70.3,99.8,13.5
builder,72271,10,0,0.000,0,0,0.0,66.1,99.9,9.6
builder,72271,11,0,0.000,0,0,0.0,70.9,99.9,6.3
builder,72271,12,0,0.000,0,0,0.0,65.4,99.7,4.2
builder,72271,13,0,2.000,0,0,0.0,56.3,100.0,3.8
builder,80190,1,0,-0.000,0,0,0.0,90.5,99.7,70.0
builder,80190,2,0,0.000,0,0,0.0,72.3,95.1,69.2
builder,80190,3,0,0.000,0,0,0.0,80.0,94.4,72.9
builder,80190,4,0,0.000,0,0,0.0,78.1,99.2,72.1
builder,80190,5,0,0.000,0,0,0.0,69.4,99.9,71.4
builder,80190,6,0,0.000,0,0,0.0,74.7,99.8,67.3
builder,80190,7,0,2.000,0,0,0.0,64.7,97.3,65.1
builder,80190,8,0,0.000,0,0,0.0,70.8,96.8,60.2
builder,80190,9,0,0.000,0,0,0.0,70.3,99.7,56.4
builder,80190,10,0,0.000,0,0,0.0,65.8,99.8,49.2
builder,80190,11,0,0.000,0,0,0.0,71.8,99.9,39.7
builder,80190,12,0,0.000,0,0,0.0,63.6,100.0,37.9
builder,80190,13,0,2.000,0,0,0.0,54.4,100.0,37.9
builder,88109,1,0,-0.000,0,0,0.0,90.5,99.7,70.0
builder,88109,2,0,0.000,0,0,0.0,72.4,94.6,70.0
builder,88109,3,0,0.000,0,0,0.0,77.9,93.8,70.0
builder,88109,4,0,0.000,0,0,0.0,79.0,99.9,70.0
builder,88109,5,0,0.000,0,0,0.0,68.4,99.9,70.0
builder,88109,6,0,0.000,0,0,0.0,75.9,99.9,66.8
builder,88109,7,0,2.000,0,0,0.0,65.7,97.2,65.4
builder,88109,8,0,0.000,0,0,0.0,70.2,95.8,61.5
builder,88109,9,0,0.000,0,0,0.0,70.1,99.4,58.3
builder,88109,10,0,0.000,0,0,0.0,66.3,99.9,51.6
builder,88109,11,0,0.000,0,0,0.0,70.7,99.9,42.4
builder,88109,12,0,0.000,0,0,0.0,65.5,98.1,40.1
builder,88109,13,0,2.000,0,0,0.0,56.3,100.0,40.0
builder,96028,1,0,-0.000,0,0,0.0,91.0,99.7,70.0
builder,96028,2,0,0.000,0,0,0.0,73.0,95.3,71.0
builder,96028,3,0,0.000,0,0,0.0,78.7,94.8,76.6
builder,96028,4,0,0.000,0,0,0.0,81.1,98.7,76.6
builder,96028,5,0,0.000,0,0,0.0,69.3,99.5,80.1
builder,96028,6,0,0.000,0,0,0.0,77.8,99.9,77.1
builder,96028,7,0,2.000,0,0,0.0,64.5,97.4,76.4
builder,96028,8,0,0.000,0,0,0.0,70.1,96.0,72.4
builder,96028,9,0,0.000,0,0,0.0,72.5,99.7,73.9
builder,96028,10,0,0.000,0,0,0.0,68.0,99.9,66.9
builder,96028,11,0,0.000,0,0,0.0,71.3,99.7,57.5
builder,96028,12,0,0.000,0,0,0.0,64.0,99.9,55.1
builder,96028,13,0,2.000,0,0,0.0,55.0,100.0,54.6
builder,103947,1,0,-0.000,0,0,0.0,90.5,99.7,70.0
builder,103947,2,0,0.000,0,0,0.0,74.9,94.7,71.6
builder,103947,3,0,0.000,0,0,0.0,77.4,93.7,68.3
builder,103947,4,0,0.000,0,0,0.0,80.2,99.7,69.5
builder,103947,5,0,0.000,0,0,0.0,70.7,99.9,64.1
builder,103947,6,0,0.000,0,0,0.0,71.9,99.9,55.4
builder,103947,7,0,2.000,0,0,0.0,66.1,97.2,49.9
builder,103947,8,0,0.000,0,0,0.0,69.0,96.7,42.9
builder,103947,9,0,0.000,0,0,0.0,69.6,99.9,34.3
builder,103947,10,0,0.000,0,0,0.0,66.6,99.9,25.5
builder,103947,11,0,0.000,0,0,0.0,71.0,99.9,18.3
builder,103947,12,0,0.000,0,0,0.0,65.1,99.9,14.2
builder,103947,13,0,2.000,0,0,0.0,56.7,100.0,12.0
builder,111866,1,0,-0.000,0,0,0.0,90.5,99.7,70.0
builder,111866,2,0,0.000,0,0,0.0,72.4,95.0,67.0
builder,111866,3,0,0.000,0,0,0.0,78.0,93.5,62.0
builder,111866,4,0,0.000,0,0,0.0,78.9,99.5,57.0
builder,111866,5,0,0.000,0,0,0.0,68.3,99.9,52.0
builder,111866,6,0,0.000,0,0,0.0,76.1,99.9,43.8
builder,111866,7,0,2.000,0,0,0.0,62.8,96.7,40.5
builder,111866,8,0,0.000,0,0,0.0,69.6,95.2,34.2
builder,111866,9,0,0.000,0,0,0.0,70.3,99.8,25.9
builder,111866,10,0,0.000,0,0,0.0,66.2,99.9,15.2
builder,111866,11,0,0.000,0,0,0.0,70.9,99.9,5.0
builder,111866,12,0,0.000,0,0,0.0,65.5,99.2,0.7
builder,111866,13,0,2.000,0,0,0.0,56.3,100.0,0.0
builder,119785,1,0,-0.000,0,0,0.0,90.5,99.6,70.0
builder,119785,2,0,0.000,0,0,0.0,74.9,94.4,73.4
builder,119785,3,0,0.000,0,0,0.0,77.4,92.3,71.0
builder,119785,4,0,0.000,0,0,0.0,78.7,98.2,68.6
builder,119785,5,0,0.000,0,0,0.0,73.0,99.2,71.0
builder,119785,6,0,0.000,0,0,0.0,72.4,99.4,65.0
builder,119785,7,0,2.000,0,0,0.0,66.5,96.8,61.3
builder,119785,8,0,0.000,0,0,0.0,68.8,94.5,55.8
builder,119785,9,0,0.000,0,0,0.0,71.1,99.1,49.3
builder,119785,10,0,0.000,0,0,0.0,65.3,99.7,40.3
builder,119785,11,0,0.000,0,0,0.0,72.1,99.7,29.4
builder,119785,12,0,0.000,0,0,0.0,64.9,99.8,25.4
builder,119785,13,0,2.000,0,0,0.0,58.9,100.0,24.1
builder,127704,1,0,-0.000,0,0,0.0,91.0,99.7,70.0
builder,127704,2,0,0.000,0,0,0.0,73.0,93.9,70.0
builder,127704,3,0,0.000,0,0,0.0,78.7,92.5,74.3
builder,127704,4,0,0.000,0,0,0.0,81.1,98.2,74.3
builder,127704,5,0,0.000,0,0,0.0,66.3,99.7,74.3
builder,127704,6,0,0.000,0,0,0.0,79.9,99.9,75.1
builder,127704,7,0,2.000,0,0,0.0,68.2,97.1,74.1
builder,127704,8,0,0.000,0,0,0.0,70.7,96.0,70.7
builder,127704,9,0,0.000,0,0,0.0,69.5,98.8,67.9
builder,127704,10,0,0.000,0,0,0.0,68.6,99.5,60.9
builder,127704,11,0,0.000,0,0,0.0,70.4,99.9,52.2
builder,127704,12,0,0.000,0,0,0.0,65.5,99.8,50.0
builder,127704,13,0,2.000,0,0,0.0,56.5,100.0,50.0
builder,135623,1,0,-0.000,0,0,0.0,90.5,99.8,70.0
builder,135623,2,0,0.000,0,0,0.0,72.4,95.0,68.3
builder,135623,3,0,0.000,0,0,0.0,80.0,93.8,71.4
builder,135623,4,0,0.000,0,0,0.0,78.0,99.1,70.0
builder,135623,5,0,0.000,0,0,0.0,72.1,99.6,73.1
builder,135623,6,0,0.000,0,0,0.0,74.5,99.6,68.9
builder,135623,7,0,2.000,0,0,0.0,67.2,97.5,65.7
builder,135623,8,0,0.000,0,0,0.0,69.8,97.6,60.9
builder,135623,9,0,0.000,0,0,0.0,70.7,99.9,56.4
builder,135623,10,0,0.000,0,0,0.0,65.4,99.6,48.7
builder,135623,11,0,0.000,0,0,0.0,72.3,99.7,37.8
builder,135623,12,0,0.000,0,0,0.0,64.2,99.9,36.7
builder,135623,13,0,2.000,0,0,0.0,57.4,100.0,36.2
builder,143542,1,0,-0.000,0,0,0.0,91.0,99.7,70.0
builder,143542,2,0,0.000,0,0,0.0,73.0,95.3,72.0
builder,143542,3,0,0.000,0,0,0.0,76.6,93.7,77.0
builder,143542,4,0,0.000,0,0,0.0,83.7,99.6,84.6
builder,143542,5,0,0.000,0,0,0.0,65.7,99.6,89.7
builder,143542,6,0,0.000,0,0,0.0,80.1,99.9,91.0
builder,143542,7,0,2.000,0,0,0.0,67.2,97.0,92.4
builder,143542,8,0,0.000,0,0,0.0,70.0,94.2,91.2
builder,143542,9,0,0.000,0,0,0.0,70.8,99.0,92.7
builder,143542,10,0,0.000,0,0,0.0,70.3,99.9,89.3
builder,143542,11,0,0.000,0,0,0.0,68.7,99.9,86.6
builder,143542,12,0,0.000,0,0,0.0,70.2,99.9,91.0
builder,143542,13,0,2.000,0,0,0.0,61.3,100.0,93.1
builder,151461,1,0,-0.000,0,0,0.0,90.5,99.7,70.0
builder,151461,2,0,0.000,0,0,0.0,72.2,95.1,70.5
builder,151461,3,0,0.000,0,0,0.0,78.3,93.7,69.7
builder,151461,4,0,0.000,0,0,0.0,79.0,98.8,70.5
builder,151461,5,0,0.000,0,0,0.0,68.3,99.5,71.3
builder,151461,6,0,0.000,0,0,0.0,75.7,99.9,69.0
builder,151461,7,0,2.000,0,0,0.0,71.8,99.0,71.9
builder,151461,8,0,0.000,0,0,0.0,70.5,98.5,68.5
builder,151461,9,0,0.000,0,0,0.0,72.8,99.4,71.3
builder,151461,10,0,0.000,0,0,0.0,67.3,99.8,66.0
builder,151461,11,0,0.000,0,0,0.0,70.5,99.8,58.1
builder,151461,12,0,0.000,0,0,0.0,65.1,99.9,57.0
builder,151461,13,0,2.000,0,0,0.0,56.6,100.0,57.5
gatherer,1000,1,1,-0.000,0,4,0.3,91.9,99.0,65.5
gatherer,1000,2,0,0.000,0,0,0.0,74.8,95.6,48.2
gatherer,1000,3,0,0.000,0,0,0.0,68.9,86.9,49.4
gatherer,1000,4,0,0.000,0,0,0.0,87.3,78.1,52.6
gatherer,1000,5,0,0.000,0,0,0.0,72.6,69.4,53.5
gatherer,1000,6,1,0.000,0,10,0.8,59.8,60.6,52.1
gatherer,1000,7,0,2.000,0,0,0.0,67.1,51.9,30.2
gatherer,1000,8,0,0.000,0,0,0.0,74.8,43.1,31.6
gatherer,1000,9,0,0.000,0,0,0.0,66.5,34.4,33.3
gatherer,1000,10,1,0.000,0,0,0.0,71.8,26.1,23.1
gatherer,1000,11,0,0.000,0,0,0.0,59.0,15.5,0.0
gatherer,1000,12,0,0.000,0,0,0.0,50.8,13.8,0.0
gatherer,1000,13,0,2.000,0,0,0.0,0.0,0.0,0.0
gatherer,8919,1,1,-0.000,0,5,0.3,92.3,98.9,65.3
gatherer,8919,2,0,0.000,0,2,0.2,76.4,94.1,43.8
gatherer,8919,3,0,0.000,0,0,0.0,61.6,84.1,42.2
gatherer,8919,4,0,0.000,0,0,0.0,90.5,74.7,41.0
gatherer,8919,5,0,0.000,0,0,0.0,76.7,65.2,40.6
gatherer,8919,6,0,0.000,0,0,0.0,60.9,55.8,39.8
gatherer,8919,7,0,2.000,0,0,0.0,84.6,46.3,36.3
gatherer,8919,8,0,0.000,0,0,0.0,72.0,36.9,33.3
gatherer,8919,9,0,0.000,0,0,0.0,67.7,27.5,30.0
gatherer,8919,10,1,0.000,0,0,0.0,70.4,21.6,18.6
gatherer,8919,11,0,0.000,0,0,0.0,60.6,16.3,2.5
gatherer,8919,12,0,0.000,0,0,0.0,52.7,7.6,0.2
gatherer,8919,13,0,2.000,0,0,0.0,0.0,0.0,0.0
gatherer,16838,1,1,-0.000,0,5,0.3,92.1,99.2,65.5
gatherer,16838,2,0,0.000,0,0,0.0,76.4,96.7,45.0
gatherer,16838,3,0,0.000,0,0,0.0,65.0,90.0,44.5
gatherer,16838,4,0,0.000,0,0,0.0,77.9,83.4,41.0
gatherer,16838,5,0,0.000,0,0,0.0,69.8,76.7,41.0
gatherer,16838,6,0,0.000,0,0,0.0,82.8,70.1,41.0
gatherer,16838,7,0,2.000,0,0,0.0,76.7,69.3,41.0
gatherer,16838,8,0,0.000,0,0,0.0,69.6,72.0,40.5
gatherer,16838,9,0,0.000,0,0,0.0,76.4,65.3,38.9
gatherer,16838,10,0,0.000,0,3,0.3,71.2,63.6,32.4
gatherer,16838,11,0,0.000,0,0,0.0,64.3,65.2,26.0
gatherer,16838,12,0,0.000,0,0,0.0,65.7,73.0,23.1
gatherer,16838,13,0,2.000,0,0,0.0,0.0,0.0,0.0
gatherer,24757,1,0,-0.000,0,0,0.0,91.2,99.0,70.0
gatherer,24757,2,1,0.000,0,5,0.3,73.9,95.3,65.5
gatherer,24757,3,0,0.000,0,0,0.0,68.1,86.4,43.2
gatherer,24757,4,0,0.000,0,0,0.0,79.2,77.6,40.3
gatherer,24757,5,0,0.000,0,0,0.0,69.8,68.9,38.9
gatherer,24757,6,0,0.000,0,0,0.0,69.7,60.1,37.6
gatherer,24757,7,0,2.000,0,0,0.0,80.7,51.4,36.4
gatherer,24757,8,0,0.000,0,0,0.0,75.4,42.6,35.7
gatherer,24757,9,0,0.000,0,0,0.0,68.5,33.9,33.1
gatherer,24757,10,1,0.000,0,5,0.5,69.5,29.9,20.9
gatherer,24757,11,0,0.000,0,0,0.0,60.7,28.0,4.0
gatherer,24757,12,0,0.000,0,0,0.0,58.1,30.6,0.0
gatherer,24757,13,0,2.000,0,0,0.0,0.0,0.0,0.0
gatherer,32676,1,1,-0.000,0,5,0.3,92.3,99.2,65.7
gatherer,32676,2,0,0.000,0,0,0.0,76.4,96.3,46.2
gatherer,32676,3,0,0.000,0,0,0.0,65.9,89.0,47.8
gatherer,32676,4,0,0.000,0,0,0.0,90.3,81.6,49.4
gatherer,32676,5,0,0.000,0,0,0.0,74.6,74.3,50.2
gatherer,32676,6,0,0.000,0,0,0.0,58.8,66.9,51.0
gatherer,32676,7,0,2.000,0,0,0.0,83.4,65.2,50.7
gatherer,32676,8,0,0.000,0,0,0.0,70.9,66.8,51.9
gatherer,32676,9,0,0.000,0,0,0.0,66.6,59.5,51.2
gatherer,32676,10,0,0.000,0,9,0.8,72.3,56.9,43.7
gatherer,32676,11,0,0.000,0,1,0.1,65.8,56.2,38.4
gatherer,32676,12,0,0.000,0,0,0.0,71.9,61.8,36.4
gatherer,32676,13,0,2.000,0,0,0.0,0.0,0.0,0.0
gatherer,40595,1,1,-0.000,0,5,0.3,91.9,99.0,65.6
gatherer,40595,2,0,0.000,0,0,0.0,74.8,95.6,45.0
gatherer,40595,3,0,0.000,0,0,0.0,58.0,86.9,45.0
gatherer,40595,4,0,0.000,0,0,0.0,89.7,78.1,45.0
gatherer,40595,5,0,0.000,0,0,0.0,74.5,69.4,45.0
gatherer,40595,6,0,0.000,0,0,0.0,63.8,60.6,44.1
gatherer,40595,7,0,2.000,0,0,0.0,83.6,51.9,42.5
gatherer,40595,8,0,0.000,0,0,0.0,70.1,43.1,42.0
gatherer,40595,9,0,0.000,0,0,0.0,67.0,34.4,39.7
gatherer,40595,10,0,0.000,0,3,0.3,71.5,30.4,31.4
gatherer,40595,11,1,0.000,0,5,0.4,58.1,29.5,20.1
gatherer,40595,12,0,0.000,0,0,0.0,66.9,35.6,0.6
gatherer,40595,13,0,2.000,0,0,0.0,0.0,0.0,0.0
gatherer,48514,1,0,-0.000,0,0,0.0,91.7,98.9,70.0
gatherer,48514,2,0,0.000,0,0,0.0,75.1,94.5,70.0
gatherer,48514,3,0,0.000,0,0,0.0,64.6,85.2,70.0
gatherer,48514,4,0,0.000,0,0,0.0,88.8,78.7,74.3
gatherer,48514,5,0,0.000,0,0,0.0,73.8,69.4,73.3
gatherer,48514,6,0,0.000,0,0,0.0,65.9,60.2,72.6
gatherer,48514,7,0,2.000,0,0,0.0,76.2,50.9,68.7
gatherer,48514,8,0,0.000,0,0,0.0,70.4,48.4,70.8
gatherer,48514,9,0,0.000,0,0,0.0,69.7,39.2,66.8
gatherer,48514,10,1,0.000,0,8,0.4,67.4,30.5,57.3
gatherer,48514,11,2,0.000,0,10,0.6,63.7,15.5,19.7
gatherer,48514,12,0,0.000,0,0,0.0,65.2,9.3,0.0
gatherer,48514,13,0,2.000,0,0,0.0,0.0,0.0,0.0
gatherer,56433,1,1,-0.000,0,5,0.3,91.0,99.0,65.6
gatherer,56433,2,0,0.000,0,0,0.0,71.7,95.2,46.2
gatherer,56433,3,0,0.000,0,0,0.0,76.2,85.7,47.7
gatherer,56433,4,0,0.000,0,0,0.0,77.0,76.3,47.6
gatherer,56433,5,0,0.000,0,0,0.0,69.7,66.8,46.5
gatherer,56433,6,1,0.000,0,8,0.6,64.2,58.0,40.6
gatherer,56433,7,0,2.000,0,0,0.0,81.3,51.1,19.4
gatherer,56433,8,0,0.000,0,0,0.0,71.0,42.4,20.0
gatherer,56433,9,0,0.000,0,0,0.0,68.5,33.6,18.1
gatherer,56433,10,2,0.000,0,0,0.0,64.7,30.1,13.1
gatherer,56433,11,0,0.000,0,0,0.0,0.0,0.0,0.0
gatherer,64352,1,1,-0.000,0,5,0.3,92.3,99.2,65.5
gatherer,64352,2,0,0.000,0,0,0.0,76.4,96.1,43.4
gatherer,64352,3,0,0.000,0,0,0.0,62.5,88.3,41.8
gatherer,64352,4,0,0.000,0,0,0.0,90.7,80.6,41.0
gatherer,64352,5,0,0.000,0,0,0.0,76.1,72.8,40.2
gatherer,64352,6,0,0.000,0,0,0.0,62.2,65.0,39.6
gatherer,64352,7,0,2.000,0,0,0.0,84.9,57.3,37.0
gatherer,64352,8,0,0.000,0,0,0.0,71.1,49.5,35.6
gatherer,64352,9,0,0.000,0,0,0.0,68.6,41.7,32.9
gatherer,64352,10,1,0.000,0,4,0.4,70.2,39.6,21.0
gatherer,64352,11,0,0.000,0,0,0.0,63.2,41.0,0.0
gatherer,64352,12,0,0.000,0,0,0.0,56.0,43.2,0.0
gatherer,64352,13,0,2.000,0,0,0.0,0.0,0.0,0.0
gatherer,72271,1,1,-0.000,0,5,0.3,92.1,99.0,65.5
gatherer,72271,2,0,0.000,0,0,0.0,76.4,95.6,41.8
gatherer,72271,3,0,0.000,0,0,0.0,66.1,86.9,39.4
gatherer,72271,4,0,0.000,0,0,0.0,90.2,78.1,34.2
gatherer,72271,5,0,0.000,0,0,0.0,74.5,69.4,30.4
gatherer,72271,6,0,0.000,0,0,0.0,58.7,67.8,28.8
gatherer,72271,7,0,2.000,0,0,0.0,77.4,69.6,24.7
gatherer,72271,8,0,0.000,0,0,0.0,71.2,60.9,18.6
gatherer,72271,9,0,0.000,0,0,0.0,65.7,52.1,15.5
gatherer,72271,10,1,0.000,0,3,0.3,70.9,43.7,6.2
gatherer,72271,11,0,0.000,0,0,0.0,67.0,40.7,0.0
gatherer,72271,12,0,0.000,0,0,0.0,66.0,50.2,0.0
gatherer,72271,13,0,2.000,0,0,0.0,0.0,0.0,0.0
gatherer,80190,1,0,-0.000,0,0,0.0,91.7,99.1,70.0
gatherer,80190,2,0,0.000,0,0,0.0,75.1,95.3,69.2
gatherer,80190,3,0,0.000,0,0,0.0,58.5,87.2,68.3
gatherer,80190,4,0,0.000,0,0,0.0,90.4,81.4,72.9
gatherer,80190,5,0,0.000,0,0,0.0,75.2,73.1,72.1
gatherer,80190,6,0,0.000,0,0,0.0,66.8,64.9,71.3
gatherer,80190,7,0,2.000,0,0,0.0,78.3,61.5,71.9
gatherer,80190,8,0,0.000,0,0,0.0,68.4,53.2,70.2
gatherer,80190,9,0,0.000,0,0,0.0,70.9,44.9,66.4
gatherer,80190,10,2,0.000,0,0,0.0,68.7,43.3,52.0
gatherer,80190,11,1,0.000,0,5,0.3,65.9,31.9,3.3
gatherer,80190,12,0,0.000,0,0,0.0,62.8,30.3,0.0
gatherer,80190,13,0,2.000,0,0,0.0,0.0,0.0,0.0
gatherer,88109,1,0,-0.000,0,0,0.0,91.7,99.0,70.0
gatherer,88109,2,0,0.000,0,0,0.0,77.5,95.3,74.3
gatherer,88109,3,0,0.000,0,0,0.0,67.6,86.5,74.3
gatherer,88109,4,0,0.000,0,0,0.0,84.6,77.8,74.3
gatherer,88109,5,0,0.000,0,0,0.0,78.7,69.0,74.3
gatherer,88109,6,1,0.000,0,8,0.4,69.2,64.8,73.3
gatherer,88109,7,0,2.000,0,0,0.0,72.7,56.1,50.6
gatherer,88109,8,0,0.000,0,0,0.0,66.2,47.3,49.1
gatherer,88109,9,0,0.000,0,0,0.0,70.8,38.6,45.4
gatherer,88109,10,1,0.000,0,0,0.0,64.5,30.2,33.5
gatherer,88109,11,0,0.000,0,0,0.0,66.7,19.8,1.7
gatherer,88109,12,0,0.000,0,0,0.0,61.8,11.2,0.5
gatherer,88109,13,0,2.000,0,0,0.0,0.0,0.0,0.0
gatherer,96028,1,0,-0.000,0,3,0.2,92.1,99.0,70.0
gatherer,96028,2,1,0.000,0,5,0.3,76.6,96.0,67.1
gatherer,96028,3,0,0.000,0,0,0.0,66.1,88.9,48.6
gatherer,96028,4,0,0.000,0,0,0.0,90.2,81.5,51.8
gatherer,96028,5,0,0.000,0,0,0.0,74.5,74.2,52.6
gatherer,96028,6,0,0.000,0,0,0.0,58.7,66.8,53.8
gatherer,96028,7,0,2.000,0,0,0.0,83.6,59.5,55.1
gatherer,96028,8,0,0.000,0,0,0.0,72.9,52.1,57.5
gatherer,96028,9,0,0.000,0,0,0.0,66.9,44.8,56.7
gatherer,96028,10,0,0.000,0,0,0.0,72.8,37.5,51.1
gatherer,96028,11,0,0.000,0,4,0.3,66.1,28.7,47.3
gatherer,96028,12,0,0.000,0,0,0.0,69.7,27.7,43.5
gatherer,96028,13,0,2.000,0,0,0.0,0.0,0.0,0.0
gatherer,103947,1,0,-0.000,0,4,0.3,91.7,99.1,70.0
gatherer,103947,2,1,0.000,0,4,0.3,75.2,95.5,64.4
gatherer,103947,3,0,0.000,0,0,0.0,64.5,86.3,43.8
gatherer,103947,4,0,0.000,0,0,0.0,87.9,77.6,43.0
gatherer,103947,5,0,0.000,0,0,0.0,75.1,68.8,42.2
gatherer,103947,6,0,0.000,0,0,0.0,62.0,60.1,39.8
gatherer,103947,7,0,2.000,0,0,0.0,82.7,57.0,36.6
gatherer,103947,8,0,0.000,0,0,0.0,71.7,56.6,34.5
gatherer,103947,9,0,0.000,0,0,0.0,64.8,47.9,30.3
gatherer,103947,10,0,0.000,0,0,0.0,72.4,44.1,18.3
gatherer,103947,11,0,0.000,0,0,0.0,65.2,43.8,12.2
gatherer,103947,12,0,0.000,0,0,0.0,67.7,50.7,8.6
gatherer,103947,13,0,2.000,0,0,0.0,0.0,0.0,0.0
gatherer,111866,1,0,-0.000,0,1,0.1,91.7,99.0,70.0
gatherer,111866,2,0,0.000,0,0,0.0,75.1,95.3,65.0
gatherer,111866,3,0,0.000,0,0,0.0,69.5,86.5,63.0
gatherer,111866,4,0,0.000,0,0,0.0,87.1,77.8,58.0
gatherer,111866,5,0,0.000,0,0,0.0,75.3,69.0,57.0
gatherer,111866,6,0,0.000,0,0,0.0,61.7,60.3,54.3
gatherer,111866,7,0,2.000,0,0,0.0,74.6,51.5,45.7
gatherer,111866,8,0,0.000,0,0,0.0,68.6,42.8,42.0
gatherer,111866,9,0,0.000,0,0,0.0,70.6,34.0,36.2
gatherer,111866,10,1,0.000,0,5,0.4,68.5,30.4,24.6
gatherer,111866,11,0,0.000,0,3,0.2,68.3,33.8,5.6
gatherer,111866,12,0,0.000,0,0,0.0,68.7,40.1,0.1
gatherer,111866,13,0,2.000,0,0,0.0,0.0,0.0,0.0
gatherer,119785,1,0,-0.000,0,4,0.3,91.7,98.9,70.0
gatherer,119785,2,1,0.000,0,5,0.3,75.2,94.7,65.7
gatherer,119785,3,0,0.000,0,0,0.0,68.2,85.0,43.4
gatherer,119785,4,0,0.000,0,0,0.0,87.7,75.5,41.8
gatherer,119785,5,0,0.000,0,0,0.0,74.4,66.1,41.4
gatherer,119785,6,0,0.000,0,0,0.0,68.9,56.6,40.0
gatherer,119785,7,0,2.000,0,0,0.0,76.4,47.2,37.8
gatherer,119785,8,0,0.000,0,0,0.0,68.7,37.7,33.7
gatherer,119785,9,0,0.000,0,0,0.0,68.5,28.3,30.7
gatherer,119785,10,0,0.000,0,0,0.0,67.2,24.3,21.4
gatherer,119785,11,1,0.000,0,5,0.4,63.4,24.0,8.5
gatherer,119785,12,0,0.000,0,0,0.0,70.6,33.6,0.5
gatherer,119785,13,0,2.000,0,0,0.0,0.0,0.0,0.0
gatherer,127704,1,0,-0.000,0,0,0.0,92.1,99.0,70.0
gatherer,127704,2,0,0.000,0,0,0.0,78.6,94.6,74.3
gatherer,127704,3,0,0.000,0,0,0.0,66.0,85.9,74.3
gatherer,127704,4,0,0.000,0,0,0.0,86.8,77.1,74.3
gatherer,127704,5,0,0.000,0,0,0.0,77.5,68.4,74.3
gatherer,127704,6,1,0.000,0,9,0.4,65.7,64.4,76.7
gatherer,127704,7,0,2.000,0,0,0.0,71.8,56.6,49.4
gatherer,127704,8,0,0.000,0,0,0.0,67.4,48.4,47.8
gatherer,127704,9,0,0.000,0,0,0.0,74.4,40.1,44.8
gatherer,127704,10,0,0.000,0,3,0.2,65.6,31.8,36.7
gatherer,127704,11,0,0.000,0,0,0.0,65.4,25.9,24.9
gatherer,127704,12,0,0.000,0,0,0.0,63.1,32.7,18.4
gatherer,127704,13,0,2.000,0,0,0.0,0.0,0.0,0.0
gatherer,135623,1,1,-0.000,0,5,0.3,92.1,99.2,65.4
gatherer,135623,2,0,0.000,0,0,0.0,76.4,95.6,44.0
gatherer,135623,3,0,0.000,0,0,0.0,65.4,86.9,43.6
gatherer,135623,4,0,0.000,0,0,0.0,80.9,78.1,40.0
gatherer,135623,5,0,0.000,0,0,0.0,66.4,69.4,38.8
gatherer,135623,6,0,0.000,0,0,0.0,76.7,60.6,37.0
gatherer,135623,7,0,2.000,0,0,0.0,78.2,51.9,37.0
gatherer,135623,8,0,0.000,0,0,0.0,73.2,43.1,36.0
gatherer,135623,9,0,0.000,0,0,0.0,74.7,34.4,33.6
gatherer,135623,10,0,0.000,0,0,0.0,69.5,25.6,26.7
gatherer,135623,11,0,0.000,0,0,0.0,63.9,14.2,17.5
gatherer,135623,12,0,0.000,0,0,0.0,67.9,12.1,10.1
gatherer,135623,13,0,2.000,0,0,0.0,0.0,0.0,0.0
gatherer,143542,1,1,-0.000,0,5,0.3,92.3,99.1,65.3
gatherer,143542,2,0,0.000,0,0,0.0,76.4,96.0,48.2
gatherer,143542,3,0,0.000,0,0,0.0,66.2,87.9,51.4
gatherer,143542,4,0,0.000,0,0,0.0,90.2,79.9,54.6
gatherer,143542,5,0,0.000,0,0,0.0,74.5,71.8,55.8
gatherer,143542,6,0,0.000,0,0,0.0,58.7,63.8,55.8
gatherer,143542,7,0,2.000,0,0,0.0,83.3,55.7,57.1
gatherer,143542,8,0,0.000,0,0,0.0,68.9,47.7,58.6
gatherer,143542,9,0,0.000,0,0,0.0,65.2,39.6,57.8
gatherer,143542,10,1,0.000,0,5,0.5,72.3,36.6,47.4
gatherer,143542,11,0,0.000,0,0,0.0,64.1,46.4,22.5
gatherer,143542,12,0,0.000,0,0,0.0,68.6,55.6,21.1
gatherer,143542,13,0,2.000,0,0,0.0,0.0,0.0,0.0
gatherer,151461,1,1,-0.000,0,5,0.3,91.9,99.1,65.4
gatherer,151461,2,0,0.000,0,5,0.4,74.8,95.6,46.6
gatherer,151461,3,0,0.000,0,0,0.0,66.6,86.5,48.2
gatherer,151461,4,0,0.000,0,0,0.0,87.3,77.8,48.6
gatherer,151461,5,0,0.000,0,0,0.0,75.9,69.0,48.0
gatherer,151461,6,0,0.000,0,4,0.3,65.7,60.2,48.2
gatherer,151461,7,0,2.000,0,0,0.0,79.9,50.9,47.3
gatherer,151461,8,0,0.000,0,0,0.0,70.6,42.2,45.3
gatherer,151461,9,0,0.000,0,0,0.0,68.4,33.4,41.3
gatherer,151461,10,0,0.000,0,3,0.3,69.2,29.6,31.4
gatherer,151461,11,1,0.000,0,9,0.7,67.0,31.0,23.7
gatherer,151461,12,0,0.000,0,0,0.0,66.1,36.5,3.8
gatherer,151461,13,0,2.000,0,0,0.0,0.0,0.0,0.0
balanced,1000,1,1,-0.000,0,5,0.3,90.7,99.6,65.9
balanced,1000,2,0,0.000,0,0,0.0,72.3,95.0,47.4
balanced,1000,3,0,0.000,0,0,0.0,78.5,85.0,50.6
balanced,1000,4,0,0.000,0,0,0.0,80.1,75.0,53.8
balanced,1000,5,0,0.000,0,0,0.0,68.0,65.0,55.0
balanced,1000,6,0,0.000,0,0,0.0,86.6,55.0,58.2
balanced,1000,7,0,2.000,0,0,0.0,75.0,45.0,60.6
balanced,1000,8,0,0.000,0,0,0.0,75.7,35.0,63.8
balanced,1000,9,0,0.000,0,0,0.0,82.0,25.0,66.2
balanced,1000,10,1,0.000,0,7,0.5,72.7,34.4,58.9
balanced,1000,11,0,0.000,0,0,0.0,81.7,38.6,27.6
balanced,1000,12,0,0.000,0,0,0.0,71.7,45.2,26.6
balanced,1000,13,0,2.000,0,0,0.0,65.4,50.2,26.6
balanced,8919,1,0,-0.000,0,0,0.0,91.0,99.6,70.0
balanced,8919,2,0,0.000,0,0,0.0,73.0,94.7,66.7
balanced,8919,3,0,0.000,0,0,0.0,76.7,84.0,65.3
balanced,8919,4,0,0.000,0,0,0.0,83.6,76.4,69.1
balanced,8919,5,1,0.000,0,10,0.5,65.9,66.0,63.4
balanced,8919,6,0,0.000,0,0,0.0,87.6,55.3,38.8
balanced,8919,7,0,2.000,0,0,0.0,75.2,44.7,37.7
balanced,8919,8,0,0.000,0,0,0.0,70.3,34.0,34.9
balanced,8919,9,0,0.000,0,0,0.0,76.7,24.2,31.8
balanced,8919,10,0,0.000,0,0,0.0,74.4,21.8,21.7
balanced,8919,11,0,0.000,0,0,0.0,72.6,25.5,9.5
balanced,8919,12,0,0.000,0,0,0.0,68.0,33.5,7.0
balanced,8919,13,0,2.000,0,0,0.0,59.3,39.1,5.3
balanced,16838,1,0,-0.000,0,5,0.3,90.5,99.7,70.0
balanced,16838,2,0,0.000,0,0,0.0,72.3,95.5,69.2
balanced,16838,3,0,0.000,0,0,0.0,77.6,87.5,68.3
balanced,16838,4,0,0.000,0,0,0.0,80.8,79.5,67.5
balanced,16838,5,0,0.000,0,0,0.0,67.8,71.5,66.7
balanced,16838,6,0,0.000,0,0,0.0,84.2,63.5,65.8
balanced,16838,7,0,2.000,0,0,0.0,75.6,61.2,69.3
balanced,16838,8,0,0.000,0,0,0.0,74.9,52.9,68.0
balanced,16838,9,0,0.000,0,0,0.0,75.9,44.6,65.0
balanced,16838,10,0,0.000,0,9,0.5,76.0,43.9,57.7
balanced,16838,11,0,0.000,1,2,0.1,73.2,48.8,49.1
balanced,16838,12,0,0.000,0,0,0.0,64.8,57.0,46.6
balanced,16838,13,0,2.000,0,0,0.0,56.3,63.8,45.7
balanced,24757,1,0,-0.000,0,0,0.0,90.0,99.4,70.0
balanced,24757,2,0,0.000,0,0,0.0,71.4,94.5,70.0
balanced,24757,3,0,0.000,0,0,0.0,79.6,84.5,69.0
balanced,24757,4,0,0.000,0,0,0.0,78.6,74.5,67.7
balanced,24757,5,0,0.000,0,0,0.0,70.7,64.5,67.0
balanced,24757,6,0,0.000,0,0,0.0,84.1,54.5,66.3
balanced,24757,7,0,2.000,0,0,0.0,76.1,44.5,65.0
balanced,24757,8,0,0.000,0,0,0.0,75.3,34.5,65.0
balanced,24757,9,0,0.000,0,0,0.0,81.6,31.4,63.5
balanced,24757,10,0,0.000,0,12,0.8,69.8,38.2,56.6
balanced,24757,11,0,0.000,0,0,0.0,78.2,42.1,48.5
balanced,24757,12,0,0.000,0,0,0.0,69.6,51.0,45.9
balanced,24757,13,0,2.000,0,0,0.0,64.8,57.2,44.3
balanced,32676,1,1,-0.000,0,5,0.3,91.2,99.6,66.0
balanced,32676,2,0,0.000,0,0,0.0,73.0,95.8,45.0
balanced,32676,3,0,0.000,0,0,0.0,76.7,87.4,44.0
balanced,32676,4,0,0.000,0,0,0.0,82.4,79.0,43.0
balanced,32676,5,0,0.000,0,0,0.0,64.4,70.6,42.0
balanced,32676,6,0,0.000,0,0,0.0,89.5,62.2,41.0
balanced,32676,7,0,2.000,0,0,0.0,74.0,53.8,40.0
balanced,32676,8,0,0.000,0,0,0.0,75.2,45.4,39.0
balanced,32676,9,0,0.000,0,0,0.0,83.4,37.0,38.0
balanced,32676,10,0,0.000,0,2,0.2,66.7,28.9,30.5
balanced,32676,11,0,0.000,0,0,0.0,82.3,26.2,25.0
balanced,32676,12,0,0.000,0,0,0.0,78.5,37.5,22.0
balanced,32676,13,0,2.000,0,0,0.0,69.4,44.9,20.0
balanced,40595,1,0,-0.000,0,0,0.0,90.5,99.7,70.0
balanced,40595,2,0,0.000,0,0,0.0,72.2,95.0,70.0
balanced,40595,3,0,0.000,0,0,0.0,78.1,85.0,70.0
balanced,40595,4,0,0.000,0,0,0.0,80.5,75.0,70.0
balanced,40595,5,0,0.000,0,0,0.0,67.6,65.0,70.0
balanced,40595,6,0,0.000,0,0,0.0,85.9,55.0,69.7
balanced,40595,7,0,2.000,0,0,0.0,75.5,52.2,73.6
balanced,40595,8,0,0.000,0,0,0.0,75.6,42.2,73.3
balanced,40595,9,0,0.000,0,0,0.0,77.3,38.9,72.9
balanced,40595,10,0,0.000,0,11,0.6,74.9,46.4,68.4
balanced,40595,11,0,0.000,0,0,0.0,75.5,49.6,61.9
balanced,40595,12,0,0.000,0,0,0.0,69.4,56.9,60.2
balanced,40595,13,0,2.000,0,0,0.0,61.2,62.7,60.0
balanced,48514,1,0,-0.000,0,0,0.0,90.5,99.3,70.0
balanced,48514,2,0,0.000,0,0,0.0,72.2,93.3,70.0
balanced,48514,3,0,0.000,0,0,0.0,78.0,82.6,69.2
balanced,48514,4,0,0.000,0,0,0.0,80.5,72.0,68.3
balanced,48514,5,0,0.000,0,0,0.0,67.7,61.3,67.5
balanced,48514,6,0,0.000,0,0,0.0,86.2,50.6,66.4
balanced,48514,7,0,2.000,0,0,0.0,75.5,47.8,69.3
balanced,48514,8,0,0.000,0,0,0.0,75.0,37.3,67.2
balanced,48514,9,0,0.000,0,0,0.0,75.7,28.1,64.3
balanced,48514,10,0,0.000,0,11,0.6,76.6,25.7,54.9
balanced,48514,11,0,0.000,0,0,0.0,71.4,28.4,42.9
balanced,48514,12,0,0.000,0,0,0.0,64.5,36.4,38.7
balanced,48514,13,0,2.000,0,0,0.0,56.1,42.6,37.9
balanced,56433,1,0,-0.000,0,0,0.0,89.5,99.3,70.0
balanced,56433,2,0,0.000,0,0,0.0,71.0,93.3,72.0
balanced,56433,3,0,0.000,0,0,0.0,81.2,82.6,75.3
balanced,56433,4,0,0.000,0,0,0.0,76.6,72.0,76.7
balanced,56433,5,0,0.000,0,0,0.0,73.7,61.3,78.0
balanced,56433,6,0,0.000,0,0,0.0,78.9,50.6,80.0
balanced,56433,7,0,2.000,0,0,0.0,75.1,40.0,79.7
balanced,56433,8,0,0.000,0,0,0.0,75.2,29.3,80.2
balanced,56433,9,0,0.000,0,0,0.0,72.9,26.2,78.8
balanced,56433,10,1,0.000,0,11,0.6,81.4,41.5,72.6
balanced,56433,11,0,0.000,0,0,0.0,73.7,44.3,41.7
balanced,56433,12,0,0.000,0,0,0.0,67.5,52.3,38.9
balanced,56433,13,0,2.000,0,0,0.0,63.5,57.8,37.3
balanced,64352,1,0,-0.000,0,0,0.0,91.0,99.7,70.0
balanced,64352,2,0,0.000,0,0,0.0,73.0,95.1,70.0
balanced,64352,3,0,0.000,0,0,0.0,76.7,86.1,70.0
balanced,64352,4,0,0.000,0,0,0.0,82.4,77.0,70.0
balanced,64352,5,0,0.000,0,0,0.0,68.2,71.5,74.3
balanced,64352,6,0,0.000,0,0,0.0,87.4,61.8,74.3
balanced,64352,7,0,2.000,0,0,0.0,74.2,52.0,72.9
balanced,64352,8,0,0.000,0,0,0.0,77.5,48.8,76.6
balanced,64352,9,0,0.000,0,0,0.0,77.7,46.5,77.2
balanced,64352,10,0,0.000,0,10,0.4,74.7,58.1,76.5
balanced,64352,11,0,0.000,0,0,0.0,76.6,60.9,70.8
balanced,64352,12,0,0.000,0,0,0.0,66.2,70.7,75.7
balanced,64352,13,0,2.000,0,0,0.0,57.1,75.8,76.7
balanced,72271,1,0,-0.000,0,0,0.0,90.5,99.5,70.0
balanced,72271,2,0,0.000,0,0,0.0,72.4,95.0,65.0
balanced,72271,3,0,0.000,0,0,0.0,78.1,85.0,61.2
balanced,72271,4,0,0.000,0,0,0.0,78.9,75.0,56.5
balanced,72271,5,0,0.000,0,0,0.0,68.3,65.0,52.8
balanced,72271,6,0,0.000,0,0,0.0,86.3,55.0,46.2
balanced,72271,7,0,2.000,0,0,0.0,75.8,45.0,41.5
balanced,72271,8,0,0.000,0,0,0.0,74.3,35.0,35.8
balanced,72271,9,0,0.000,0,0,0.0,80.6,25.9,29.0
balanced,72271,10,0,0.000,0,0,0.0,70.1,24.0,18.4
balanced,72271,11,0,0.000,0,0,0.0,75.9,29.5,11.8
balanced,72271,12,0,0.000,0,0,0.0,71.3,39.1,6.7
balanced,72271,13,0,2.000,0,0,0.0,62.3,45.1,6.3
balanced,80190,1,0,-0.000,0,5,0.3,90.5,99.6,70.0
balanced,80190,2,0,0.000,0,0,0.0,72.4,94.9,70.0
balanced,80190,3,0,0.000,0,0,0.0,78.4,85.5,69.2
balanced,80190,4,0,0.000,0,0,0.0,80.4,76.2,68.3
balanced,80190,5,0,0.000,0,0,0.0,67.3,66.9,67.5
balanced,80190,6,0,0.000,0,0,0.0,77.0,57.5,63.5
balanced,80190,7,0,2.000,0,0,0.0,73.5,48.2,63.3
balanced,80190,8,0,0.000,0,0,0.0,82.4,38.9,62.5
balanced,80190,9,0,0.000,0,0,0.0,71.8,29.5,60.8
balanced,80190,10,0,0.000,0,0,0.0,79.7,20.8,55.1
balanced,80190,11,0,0.000,0,0,0.0,78.5,11.9,52.7
balanced,80190,12,0,0.000,0,0,0.0,63.3,11.5,47.1
balanced,80190,13,0,2.000,0,0,0.0,56.2,18.3,41.7
balanced,88109,1,0,-0.000,0,0,0.0,90.5,99.6,70.0
balanced,88109,2,0,0.000,0,0,0.0,72.4,95.0,70.0
balanced,88109,3,0,0.000,0,0,0.0,78.3,85.0,70.0
balanced,88109,4,0,0.000,0,0,0.0,80.5,75.0,70.0
balanced,88109,5,0,0.000,0,0,0.0,67.3,65.0,70.0
balanced,88109,6,0,0.000,0,0,0.0,86.3,55.0,69.7
balanced,88109,7,0,2.000,0,0,0.0,72.7,45.0,69.2
balanced,88109,8,0,0.000,0,0,0.0,77.4,43.6,73.0
balanced,88109,9,0,0.000,0,0,0.0,73.5,40.0,72.1
balanced,88109,10,0,0.000,0,9,0.5,77.4,45.5,67.7
balanced,88109,11,0,0.000,0,1,0.0,73.2,46.8,60.5
balanced,88109,12,0,0.000,0,0,0.0,64.6,53.0,58.6
balanced,88109,13,0,2.000,0,0,0.0,55.0,58.6,58.6
balanced,96028,1,1,-0.000,0,5,0.3,91.2,99.6,66.0
balanced,96028,2,0,0.000,0,0,0.0,73.0,95.4,46.2
balanced,96028,3,0,0.000,0,0,0.0,77.0,86.2,46.2
balanced,96028,4,0,0.000,0,0,0.0,82.3,77.0,46.2
balanced,96028,5,0,0.000,0,0,0.0,64.3,67.8,45.8
balanced,96028,6,0,0.000,0,0,0.0,89.8,58.6,45.8
balanced,96028,7,0,2.000,0,0,0.0,73.8,49.4,44.4
balanced,96028,8,0,0.000,0,0,0.0,75.5,40.2,43.4
balanced,96028,9,0,0.000,0,0,0.0,83.2,38.3,42.4
balanced,96028,10,1,0.000,0,5,0.4,66.8,46.1,33.2
balanced,96028,11,0,0.000,0,0,0.0,82.2,45.0,7.5
balanced,96028,12,0,0.000,0,0,0.0,78.4,51.5,6.2
balanced,96028,13,0,2.000,0,0,0.0,69.4,55.6,5.2
balanced,103947,1,0,-0.000,0,0,0.0,90.5,99.5,70.0
balanced,103947,2,0,0.000,0,0,0.0,72.4,94.2,68.5
balanced,103947,3,0,0.000,0,0,0.0,78.1,84.8,64.7
balanced,103947,4,0,0.000,0,0,0.0,80.3,75.5,60.8
balanced,103947,5,0,0.000,0,0,0.0,67.6,66.2,58.0
balanced,103947,6,0,0.000,0,0,0.0,87.1,56.8,55.5
balanced,103947,7,0,2.000,0,0,0.0,74.9,47.5,51.7
balanced,103947,8,0,0.000,0,0,0.0,74.5,38.2,47.2
balanced,103947,9,0,0.000,0,0,0.0,80.9,28.8,42.5
balanced,103947,10,0,0.000,0,0,0.0,69.8,27.2,32.3
balanced,103947,11,0,0.000,0,0,0.0,76.0,32.6,23.9
balanced,103947,12,0,0.000,0,0,0.0,70.7,42.0,19.0
balanced,103947,13,0,2.000,0,0,0.0,61.3,48.9,17.0
balanced,111866,1,0,-0.000,0,0,0.0,90.5,99.4,70.0
balanced,111866,2,0,0.000,0,0,0.0,75.0,94.4,72.3
balanced,111866,3,0,0.000,0,0,0.0,77.6,84.6,68.0
balanced,111866,4,0,0.000,0,0,0.0,81.3,77.4,68.9
balanced,111866,5,0,0.000,0,0,0.0,70.0,67.6,67.6
balanced,111866,6,0,0.000,0,0,0.0,82.5,57.8,65.7
balanced,111866,7,0,2.000,0,0,0.0,74.2,48.0,62.1
balanced,111866,8,0,0.000,0,0,0.0,75.1,44.5,65.0
balanced,111866,9,0,0.000,0,0,0.0,75.4,41.8,62.6
balanced,111866,10,1,0.000,0,5,0.2,74.2,47.3,47.6
balanced,111866,11,0,0.000,0,0,0.0,71.6,47.4,14.4
balanced,111866,12,0,0.000,0,0,0.0,65.5,55.0,10.0
balanced,111866,13,0,2.000,0,0,0.0,57.0,61.5,7.8
balanced,119785,1,1,-0.000,0,5,0.3,90.7,99.4,66.0
balanced,119785,2,0,0.000,0,0,0.0,72.3,94.6,45.0
balanced,119785,3,0,0.000,0,0,0.0,78.8,83.8,45.0
balanced,119785,4,0,0.000,0,0,0.0,80.1,73.0,45.0
balanced,119785,5,0,0.000,0,0,0.0,67.8,62.2,45.0
balanced,119785,6,0,0.000,0,0,0.0,77.3,51.4,43.1
balanced,119785,7,0,2.000,0,0,0.0,75.9,40.6,43.0
balanced,119785,8,0,0.000,0,0,0.0,77.9,29.8,42.0
balanced,119785,9,0,0.000,0,0,0.0,77.4,20.0,41.0
balanced,119785,10,0,0.000,0,0,0.0,72.6,17.1,30.4
balanced,119785,11,0,0.000,0,0,0.0,80.4,20.1,17.9
balanced,119785,12,0,0.000,0,0,0.0,65.7,27.6,14.0
balanced,119785,13,0,2.000,0,0,0.0,56.1,33.7,13.0
balanced,127704,1,1,-0.000,0,4,0.2,91.2,99.7,66.0
balanced,127704,2,0,0.000,0,0,0.0,73.0,95.0,45.0
balanced,127704,3,0,0.000,0,0,0.0,76.5,85.0,45.0
balanced,127704,4,0,0.000,0,0,0.0,82.5,75.0,45.0
balanced,127704,5,0,0.000,0,0,0.0,64.5,65.0,45.0
balanced,127704,6,0,0.000,0,0,0.0,89.4,55.0,45.0
balanced,127704,7,0,2.000,0,0,0.0,74.0,45.0,45.0
balanced,127704,8,0,0.000,0,0,0.0,71.1,35.0,43.7
balanced,127704,9,0,0.000,0,0,0.0,74.3,32.7,42.0
balanced,127704,10,0,0.000,0,0,0.0,75.2,40.8,36.9
balanced,127704,11,0,0.000,0,0,0.0,76.1,41.7,30.3
balanced,127704,12,0,0.000,0,0,0.0,70.5,48.3,30.0
balanced,127704,13,0,2.000,0,0,0.0,62.0,54.8,30.0
balanced,135623,1,0,-0.000,0,0,0.0,90.5,99.7,70.0
balanced,135623,2,0,0.000,0,0,0.0,72.4,95.0,69.2
balanced,135623,3,0,0.000,0,0,0.0,78.2,85.0,67.5
balanced,135623,4,0,0.000,0,0,0.0,78.8,75.0,65.8
balanced,135623,5,0,0.000,0,0,0.0,68.2,65.0,65.0
balanced,135623,6,0,0.000,0,0,0.0,86.2,55.0,63.3
balanced,135623,7,0,2.000,0,0,0.0,78.0,52.2,67.1
balanced,135623,8,0,0.000,0,0,0.0,74.1,42.2,65.7
balanced,135623,9,0,0.000,0,0,0.0,83.5,40.0,69.4
balanced,135623,10,2,0.000,0,0,0.0,69.8,37.0,50.8
balanced,135623,11,0,0.000,0,0,0.0,73.6,45.2,3.7
balanced,135623,12,0,0.000,0,0,0.0,67.8,53.8,1.9
balanced,135623,13,0,2.000,0,0,0.0,59.6,59.0,1.7
balanced,143542,1,0,-0.000,0,0,0.0,91.0,99.7,70.0
balanced,143542,2,0,0.000,0,0,0.0,73.0,95.3,75.0
balanced,143542,3,0,0.000,0,0,0.0,76.7,86.0,78.0
balanced,143542,4,0,0.000,0,0,0.0,82.4,76.7,80.0
balanced,143542,5,0,0.000,0,0,0.0,64.4,67.3,81.3
balanced,143542,6,0,0.000,0,0,0.0,89.9,63.6,85.7
balanced,143542,7,0,2.000,0,0,0.0,73.7,54.7,88.3
balanced,143542,8,0,0.000,0,0,0.0,72.7,45.9,89.9
balanced,143542,9,0,0.000,0,0,0.0,76.5,44.0,89.9
balanced,143542,10,2,0.000,0,5,0.3,71.1,50.2,80.7
balanced,143542,11,0,0.000,0,0,0.0,74.1,52.4,33.9
balanced,143542,12,0,0.000,0,0,0.0,70.9,62.2,38.2
balanced,143542,13,0,2.000,0,0,0.0,62.3,67.4,39.8
balanced,151461,1,0,-0.000,0,0,0.0,90.5,99.6,70.0
balanced,151461,2,0,0.000,0,0,0.0,72.3,94.2,70.0
balanced,151461,3,0,0.000,0,0,0.0,78.1,84.5,70.8
balanced,151461,4,0,0.000,0,0,0.0,80.6,74.8,71.0
balanced,151461,5,0,0.000,0,0,0.0,67.5,65.0,71.5
balanced,151461,6,0,0.000,0,0,0.0,84.5,55.3,72.3
balanced,151461,7,0,2.000,0,0,0.0,78.3,52.6,75.4
balanced,151461,8,0,0.000,0,0,0.0,74.1,42.8,75.1
balanced,151461,9,0,0.000,0,0,0.0,82.7,34.1,73.1
balanced,151461,10,0,0.000,0,10,0.6,68.8,26.5,65.7
balanced,151461,11,1,0.000,1,4,0.2,75.7,27.3,32.6
balanced,151461,12,0,0.000,0,0,0.0,66.5,37.7,30.7
balanced,151461,13,0,2.000,0,0,0.0,58.0,44.3,29.8
