profile,seed,end,cycles,score,alive,deaths,drown,storm,built,lost,produced,relics,cards,min_satiety,min_warmth,min_mood,low_satiety_pct,low_warmth_pct,low_mood_pct,zero_satiety,zero_warmth,zero_mood,sick_pct,wet_pct,idle_pct,deepest_mark,storm_min_mark,storm_below,storm_wet_band,storm_damaged,storm_buildings,cargo,survivor_points,creatures,damage,stolen,flooded_storages,rations,catch,scrap,kelp,driftwood
turtle,1000,ship,12,53,9,0,0,0,3,1,22,0,careful|careful|careful|careful|careful|careful|careful|careful|careful|careful|careful|careful,49,84,66,0.00,0.00,0.00,0,0,0,0.00,0.87,70.64,-2,1.36,0,7,0,6,8,45,6,0,0,0,0,6,0,8,29
turtle,8919,ship,12,38,6,0,0,0,3,1,22,0,careful|careful|careful|careful|careful|careful|careful|careful|careful|careful|careful|careful,51,66,0,0.00,0.00,19.33,0,0,301,0.00,0.58,69.80,-2,2.00,0,4,0,6,8,30,6,0,0,0,0,8,0,8,27
turtle,16838,ship,12,38,6,0,0,0,3,1,22,0,careful|careful|careful|careful|careful|careful|careful|careful|careful|careful|careful|careful,49,89,0,0.00,0.00,6.56,0,0,672,0.00,0.74,69.19,-2,1.48,0,5,0,6,8,30,6,0,0,0,0,8,0,8,26
turtle,24757,ship,12,38,6,0,0,0,3,1,22,0,careful|careful|careful|careful|careful|careful|careful|careful|careful|careful|careful|careful,46,87,13,0.00,0.00,12.68,0,0,0,0.00,0.74,68.00,-2,1.48,0,5,0,6,8,30,6,0,0,0,0,8,0,8,31
turtle,32676,ship,12,53,9,0,0,0,3,1,22,0,careful|careful|careful|careful|careful|careful|careful|careful|careful|careful|careful|careful,48,71,25,0.00,0.00,2.28,0,0,0,0.00,0.93,72.33,-2,1.36,0,8,0,6,8,45,6,0,0,0,0,7,0,8,27
turtle,40595,ship,12,48,8,0,0,0,3,1,22,0,careful|careful|careful|careful|careful|careful|careful|careful|careful|careful|careful|careful,49,84,45,0.00,0.00,0.00,0,0,0,0.00,1.04,70.92,-2,1.36,0,7,0,6,8,40,6,0,0,0,0,6,0,8,24
turtle,48514,ship,12,43,7,0,0,0,3,1,22,0,careful|careful|careful|careful|careful|careful|careful|careful|careful|careful|careful|careful,49,78,0,0.00,0.00,6.23,0,0,616,0.00,0.83,70.19,-2,1.20,0,6,0,6,8,35,6,0,0,0,0,8,0,8,26
turtle,56433,ship,12,43,7,0,0,0,3,1,22,0,careful|careful|careful|careful|careful|careful|careful|careful|careful|careful|careful|careful,48,62,59,0.00,0.00,0.00,0,0,0,0.00,0.69,69.99,-2,1.36,0,5,0,6,8,35,6,0,0,0,0,5,0,8,33
turtle,64352,ship,12,48,8,0,0,0,3,1,22,0,careful|careful|careful|careful|careful|careful|careful|careful|careful|careful|careful|careful,51,77,26,0.00,0.00,1.18,0,0,0,0.00,0.92,71.14,-2,1.40,0,6,0,6,8,40,6,0,0,0,0,8,0,8,29
turtle,72271,ship,12,38,6,0,0,0,3,1,22,0,careful|careful|careful|careful|careful|careful|careful|careful|careful|careful|careful|careful,49,71,0,0.00,0.00,42.64,0,0,4138,0.00,0.28,69.91,-2,2.00,0,2,0,6,8,30,6,0,0,0,0,8,0,8,24
turtle,80190,ship,12,43,7,0,0,0,3,1,22,0,careful|careful|careful|careful|careful|careful|careful|careful|careful|careful|careful|careful,49,84,0,0.00,0.00,4.70,0,0,617,0.00,0.94,69.07,-2,1.36,0,6,0,6,8,35,6,0,0,0,0,7,0,8,28
turtle,88109,ship,12,43,7,0,0,0,3,1,22,0,careful|careful|careful|careful|careful|careful|careful|careful|careful|careful|careful|careful,49,73,40,0.00,0.00,0.00,0,0,0,0.00,0.82,71.11,-2,1.36,0,6,0,6,8,35,6,0,0,0,0,8,0,8,28
turtle,96028,ship,12,43,7,0,0,0,3,1,22,0,careful|careful|careful|careful|careful|careful|careful|careful|careful|careful|careful|careful,51,84,45,0.00,0.00,0.00,0,0,0,0.00,0.80,68.64,-2,1.40,0,6,0,6,8,35,6,0,0,0,0,8,0,8,35
turtle,103947,ship,12,43,7,0,0,0,3,1,22,0,careful|careful|careful|careful|careful|careful|careful|careful|careful|careful|careful|careful,49,87,0,0.00,0.00,25.22,0,0,2386,0.00,0.76,68.43,-2,1.40,0,6,0,6,8,35,6,0,0,0,0,8,0,8,31
turtle,111866,ship,12,38,6,0,0,0,3,1,22,0,careful|careful|careful|careful|careful|careful|careful|careful|careful|careful|careful|careful,49,88,0,0.00,0.00,34.35,0,0,2195,0.00,0.72,70.91,-2,1.40,0,5,0,6,8,30,6,0,0,0,0,4,0,6,18
turtle,119785,ship,12,58,10,0,0,0,3,1,22,0,careful|careful|careful|careful|careful|careful|careful|careful|careful|careful|careful|careful,36,82,14,0.00,0.00,5.71,0,0,0,0.00,1.02,73.39,-2,1.20,0,10,0,6,8,50,6,0,0,0,0,0,0,8,31
turtle,127704,ship,12,48,8,0,0,0,3,1,22,0,careful|careful|careful|careful|careful|careful|careful|careful|careful|careful|careful|careful,51,82,45,0.00,0.00,0.00,0,0,0,0.00,0.85,72.11,-2,1.09,0,7,0,6,8,40,6,0,0,0,0,7,0,8,22
turtle,135623,ship,12,48,8,0,0,0,3,1,22,0,careful|careful|careful|careful|careful|careful|careful|careful|careful|careful|careful|careful,49,72,0,0.00,0.00,12.38,0,0,916,0.00,0.60,71.68,-2,1.25,0,5,0,6,8,40,6,0,0,0,0,4,0,8,27
turtle,143542,ship,12,48,8,0,0,0,3,1,22,0,careful|careful|careful|careful|careful|careful|careful|careful|careful|careful|careful|careful,51,84,70,0.00,0.00,0.00,0,0,0,0.00,0.89,70.59,-2,1.40,0,7,0,6,8,40,6,0,0,0,0,8,0,8,28
turtle,151461,ship,12,53,9,0,0,0,3,1,22,0,careful|careful|careful|careful|careful|careful|careful|careful|careful|careful|careful|careful,48,74,20,0.00,0.00,1.38,0,0,0,0.00,1.27,70.96,-2,1.36,0,8,0,6,8,45,6,0,0,0,0,4,0,8,31
greedy,1000,ship,12,23,3,3,3,0,2,0,14,0,deep_dive|deep_dive|deep_dive|deep_dive|deep_dive|deep_dive|deep_dive|deep_dive|deep_dive|deep_dive|deep_dive|deep_dive,0,61,0,58.77,0.00,87.82,4350,0,7167,0.00,2.41,86.18,-4,1.00,0,3,2,6,8,15,6,0,0,0,0,0,28,10,3
greedy,8919,ship,12,23,3,3,3,0,3,0,14,0,deep_dive|deep_dive|deep_dive|deep_dive|deep_dive|deep_dive|deep_dive|deep_dive|deep_dive|deep_dive|deep_dive|deep_dive,0,61,0,55.86,0.00,76.11,4350,0,6387,0.00,2.86,82.31,-5,1.00,0,3,3,7,8,15,6,0,0,0,0,0,40,12,3
greedy,16838,ship,12,23,3,3,3,0,2,0,14,0,deep_dive|deep_dive|deep_dive|deep_dive|deep_dive|deep_dive|deep_dive|deep_dive|deep_dive|deep_dive|deep_dive|deep_dive,0,57,0,61.71,0.00,87.84,4767,0,7430,0.00,1.66,87.79,-4,1.00,0,2,2,6,8,15,6,0,0,0,0,0,28,10,0
greedy,24757,ship,12,23,3,3,3,0,3,0,14,0,deep_dive|deep_dive|deep_dive|deep_dive|deep_dive|deep_dive|deep_dive|deep_dive|deep_dive|deep_dive|deep_dive|deep_dive,0,62,0,61.40,0.00,76.02,5184,0,6381,0.00,0.85,85.39,-5,1.00,0,1,3,7,8,15,6,0,0,0,0,0,40,12,0
greedy,32676,wipe,6,3,1,5,5,0,5,0,5,0,deep_dive|deep_dive|deep_dive|deep_dive|deep_dive,21,75,0,6.35,0.00,49.82,0,0,89,0.00,1.51,43.80,-7,99.00,0,0,0,0,8,5,1,0,0,0,8,8,60,20,0
greedy,40595,ship,12,23,3,3,3,0,2,0,14,0,deep_dive|deep_dive|deep_dive|deep_dive|deep_dive|deep_dive|deep_dive|deep_dive|deep_dive|deep_dive|deep_dive|deep_dive,0,62,0,58.78,0.00,87.84,4350,0,7167,0.00,2.41,86.58,-4,1.00,0,3,2,6,8,15,6,0,0,0,0,0,28,10,1
greedy,48514,ship,12,23,3,3,3,0,3,0,14,0,deep_dive|deep_dive|deep_dive|deep_dive|deep_dive|deep_dive|deep_dive|deep_dive|deep_dive|deep_dive|deep_dive|deep_dive,0,60,0,60.05,0.00,87.86,4767,0,6366,0.00,2.20,80.11,-5,1.00,0,2,3,7,8,15,6,0,0,0,0,0,40,17,0
greedy,56433,wipe,3,5,2,4,4,0,3,0,2,0,deep_dive|deep_dive,58,88,0,0.00,0.00,5.26,0,0,131,0.00,0.76,61.49,-5,99.00,0,0,0,0,8,10,0,0,0,0,8,24,40,12,0
greedy,64352,wipe,7,3,1,5,5,0,4,0,6,0,deep_dive|deep_dive|deep_dive|deep_dive|deep_dive|deep_dive,5,79,0,21.36,0.00,76.80,0,0,2023,0.00,0.58,43.56,-6,99.00,0,0,0,0,8,5,1,0,0,0,8,4,28,26,2
greedy,72271,ship,12,23,3,3,3,0,2,0,14,0,deep_dive|deep_dive|deep_dive|deep_dive|deep_dive|deep_dive|deep_dive|deep_dive|deep_dive|deep_dive|deep_dive|deep_dive,0,60,0,61.71,0.00,87.84,4767,0,7956,0.00,1.66,86.93,-4,1.00,0,2,2,6,8,15,6,0,0,0,0,0,28,10,5
greedy,80190,ship,12,28,4,2,2,0,4,0,14,0,deep_dive|deep_dive|deep_dive|deep_dive|deep_dive|deep_dive|deep_dive|deep_dive|deep_dive|deep_dive|deep_dive|deep_dive,0,2,0,61.65,17.74,80.95,6217,0,755,0.00,0.08,68.33,-6,3.00,0,0,4,8,8,20,6,0,0,0,0,0,50,36,0
greedy,88109,ship,12,23,3,3,3,0,2,0,14,0,deep_dive|deep_dive|deep_dive|deep_dive|deep_dive|deep_dive|deep_dive|deep_dive|deep_dive|deep_dive|deep_dive|deep_dive,0,62,0,61.71,0.00,87.84,4767,0,7167,0.00,1.66,84.98,-4,1.00,0,2,2,6,8,15,6,0,0,0,0,0,28,10,1
greedy,96028,ship,12,23,3,3,3,0,5,0,14,0,deep_dive|deep_dive|deep_dive|deep_dive|deep_dive|deep_dive|deep_dive|deep_dive|deep_dive|deep_dive|deep_dive|deep_dive,0,19,0,58.78,3.19,87.84,4350,0,3034,0.00,0.90,63.67,-6,2.00,0,1,5,9,8,15,6,30,0,0,0,0,48,30,0
greedy,103947,wipe,3,3,1,5,5,0,3,0,2,0,deep_dive|deep_dive,68,91,0,0.00,0.00,2.48,0,0,64,0.00,0.97,65.45,-5,99.00,0,0,0,0,8,5,0,0,0,0,8,24,40,12,0
greedy,111866,ship,12,23,3,3,3,0,2,0,14,0,deep_dive|deep_dive|deep_dive|deep_dive|deep_dive|deep_dive|deep_dive|deep_dive|deep_dive|deep_dive|deep_dive|deep_dive,0,61,0,58.78,0.00,87.84,4350,0,7167,0.00,0.90,88.20,-4,1.00,0,1,2,6,8,15,6,0,0,0,0,0,28,10,5
greedy,119785,ship,12,23,3,3,3,0,3,0,14,0,deep_dive|deep_dive|deep_dive|deep_dive|deep_dive|deep_dive|deep_dive|deep_dive|deep_dive|deep_dive|deep_dive|deep_dive,0,58,0,55.84,0.00,76.12,4350,0,6372,0.00,0.19,85.99,-5,3.00,0,0,3,7,8,15,6,0,0,0,0,0,40,22,0
greedy,127704,ship,12,23,3,3,3,0,5,0,14,0,deep_dive|deep_dive|deep_dive|deep_dive|deep_dive|deep_dive|deep_dive|deep_dive|deep_dive|deep_dive|deep_dive|deep_dive,0,0,0,53.78,20.78,78.09,4350,69,4794,0.59,2.08,69.24,-6,2.00,0,3,5,9,8,15,6,30,0,0,0,0,40,34,0
greedy,135623,ship,12,23,3,3,3,0,2,0,14,0,deep_dive|deep_dive|deep_dive|deep_dive|deep_dive|deep_dive|deep_dive|deep_dive|deep_dive|deep_dive|deep_dive|deep_dive,0,61,0,61.71,0.00,87.84,4767,0,7693,0.00,1.66,87.54,-4,1.00,0,2,2,6,8,15,6,0,0,0,0,0,28,10,4
greedy,143542,ship,12,23,3,3,3,0,5,0,14,0,deep_dive|deep_dive|deep_dive|deep_dive|deep_dive|deep_dive|deep_dive|deep_dive|deep_dive|deep_dive|deep_dive|deep_dive,0,17,0,58.74,4.42,87.83,4350,0,3019,0.00,0.63,65.28,-6,2.88,0,0,5,9,8,15,6,30,0,0,0,0,40,32,0
greedy,151461,ship,12,23,3,3,3,0,2,0,14,0,deep_dive|deep_dive|deep_dive|deep_dive|deep_dive|deep_dive|deep_dive|deep_dive|deep_dive|deep_dive|deep_dive|deep_dive,0,69,0,61.71,0.00,87.84,4767,0,7167,0.00,1.66,86.04,-4,1.00,0,2,2,6,8,15,6,0,0,0,0,0,28,10,4
builder,1000,ship,12,43,8,0,0,0,2,0,19,0,fast_haul|fast_haul|fast_haul|fast_haul|fast_haul|fast_haul|fast_haul|fast_haul|fast_haul|fast_haul|fast_haul|fast_haul,48,88,61,0.00,0.00,0.00,0,0,0,0.00,0.92,70.79,-2,1.48,0,7,0,6,3,40,6,0,0,0,0,8,0,30,34
builder,8919,ship,12,43,7,0,0,0,3,0,25,0,fast_haul|fast_haul|fast_haul|fast_haul|fast_haul|fast_haul|fast_haul|fast_haul|fast_haul|fast_haul|fast_haul|fast_haul,51,71,0,0.00,0.00,24.17,0,0,839,0.00,0.76,72.06,-2,1.72,0,6,1,7,8,35,6,0,0,0,0,8,0,30,29
builder,16838,ship,12,38,7,0,0,0,2,0,19,0,fast_haul|fast_haul|fast_haul|fast_haul|fast_haul|fast_haul|fast_haul|fast_haul|fast_haul|fast_haul|fast_haul|fast_haul,48,89,0,0.00,0.00,4.94,0,0,672,0.00,0.97,70.73,-2,1.36,0,7,0,6,3,35,6,0,0,0,0,8,0,30,30
builder,24757,ship,12,43,8,0,0,0,2,0,19,0,fast_haul|fast_haul|fast_haul|fast_haul|fast_haul|fast_haul|fast_haul|fast_haul|fast_haul|fast_haul|fast_haul|fast_haul,45,87,17,0.00,0.00,3.58,0,0,0,0.00,1.06,71.17,-2,1.60,0,8,0,6,3,40,6,0,0,0,0,2,0,32,32
builder,32676,ship,12,43,8,0,0,0,2,0,19,0,fast_haul|fast_haul|fast_haul|fast_haul|fast_haul|fast_haul|fast_haul|fast_haul|fast_haul|fast_haul|fast_haul|fast_haul,45,85,13,0.00,0.00,2.57,0,0,0,0.00,0.98,71.20,-2,1.56,0,8,0,6,3,40,6,0,0,0,0,5,0,30,31
builder,40595,ship,12,38,7,0,0,0,2,0,19,0,fast_haul|fast_haul|fast_haul|fast_haul|fast_haul|fast_haul|fast_haul|fast_haul|fast_haul|fast_haul|fast_haul|fast_haul,49,88,40,0.00,0.00,0.00,0,0,0,0.00,0.93,70.99,-2,1.52,0,7,0,6,3,35,6,0,0,0,0,8,0,32,27
builder,48514,ship,12,43,8,0,0,0,2,0,19,0,fast_haul|fast_haul|fast_haul|fast_haul|fast_haul|fast_haul|fast_haul|fast_haul|fast_haul|fast_haul|fast_haul|fast_haul,45,80,5,0.00,0.00,3.90,0,0,0,0.00,0.86,72.79,-2,1.56,0,7,0,6,3,40,6,0,0,0,0,2,0,32,27
builder,56433,ship,12,48,9,0,0,0,2,0,19,0,fast_haul|fast_haul|fast_haul|fast_haul|fast_haul|fast_haul|fast_haul|fast_haul|fast_haul|fast_haul|fast_haul|fast_haul,48,85,27,0.00,0.00,0.29,0,0,0,0.00,1.16,71.33,-2,1.56,0,8,0,6,3,45,6,0,0,0,0,3,0,32,25
builder,64352,ship,12,38,7,0,0,0,2,0,19,0,fast_haul|fast_haul|fast_haul|fast_haul|fast_haul|fast_haul|fast_haul|fast_haul|fast_haul|fast_haul|fast_haul|fast_haul,48,89,28,0.00,0.00,0.00,0,0,0,0.00,0.94,69.91,-2,1.52,0,7,0,6,3,35,6,0,0,0,0,4,0,30,30
builder,72271,ship,12,33,6,0,0,0,2,0,19,0,fast_haul|fast_haul|fast_haul|fast_haul|fast_haul|fast_haul|fast_haul|fast_haul|fast_haul|fast_haul|fast_haul|fast_haul,48,85,0,0.00,0.00,43.71,0,0,4995,0.00,0.57,69.41,-2,2.00,0,4,0,6,3,30,6,0,0,0,0,8,0,30,23
builder,80190,ship,12,38,7,0,0,0,2,0,19,0,fast_haul|fast_haul|fast_haul|fast_haul|fast_haul|fast_haul|fast_haul|fast_haul|fast_haul|fast_haul|fast_haul|fast_haul,49,88,0,0.00,0.00,4.76,0,0,625,0.00,0.94,70.92,-2,1.41,0,7,0,6,3,35,6,0,0,0,0,8,0,30,31
builder,88109,ship,12,33,6,0,0,0,2,0,19,0,fast_haul|fast_haul|fast_haul|fast_haul|fast_haul|fast_haul|fast_haul|fast_haul|fast_haul|fast_haul|fast_haul|fast_haul,48,88,35,0.00,0.00,0.00,0,0,0,0.00,0.92,67.54,-2,1.60,0,6,0,6,3,30,6,0,0,0,0,4,0,30,32
builder,96028,ship,12,48,9,0,0,0,2,0,19,0,fast_haul|fast_haul|fast_haul|fast_haul|fast_haul|fast_haul|fast_haul|fast_haul|fast_haul|fast_haul|fast_haul|fast_haul,48,82,33,0.00,0.00,0.00,0,0,0,0.00,1.22,72.56,-2,1.60,0,9,0,6,3,45,6,0,0,0,0,6,0,32,28
builder,103947,ship,12,48,8,0,0,0,3,0,25,0,fast_haul|fast_haul|fast_haul|fast_haul|fast_haul|fast_haul|fast_haul|fast_haul|fast_haul|fast_haul|fast_haul|fast_haul,45,87,0,0.00,0.00,26.34,0,0,2384,0.00,0.91,71.37,-2,1.52,0,8,1,7,8,40,6,0,0,0,0,3,0,32,24
builder,111866,ship,12,33,6,0,0,0,2,0,19,0,fast_haul|fast_haul|fast_haul|fast_haul|fast_haul|fast_haul|fast_haul|fast_haul|fast_haul|fast_haul|fast_haul|fast_haul,48,88,0,0.00,0.00,32.27,0,0,1595,0.00,0.76,70.22,-2,1.47,0,5,0,6,3,30,6,0,0,0,0,4,0,30,30
builder,119785,ship,12,43,8,0,0,0,2,0,19,0,fast_haul|fast_haul|fast_haul|fast_haul|fast_haul|fast_haul|fast_haul|fast_haul|fast_haul|fast_haul|fast_haul|fast_haul,46,85,0,0.00,0.00,12.46,0,0,677,0.00,0.97,72.78,-2,1.47,0,8,0,6,3,40,6,0,0,0,0,3,0,32,30
builder,127704,ship,12,48,8,0,0,0,3,0,25,0,fast_haul|fast_haul|fast_haul|fast_haul|fast_haul|fast_haul|fast_haul|fast_haul|fast_haul|fast_haul|fast_haul|fast_haul,51,86,45,0.00,0.00,0.00,0,0,0,0.00,1.01,72.31,-2,1.36,0,8,1,7,8,40,6,0,0,0,0,7,0,30,30
builder,135623,ship,12,43,8,0,0,0,2,0,19,0,fast_haul|fast_haul|fast_haul|fast_haul|fast_haul|fast_haul|fast_haul|fast_haul|fast_haul|fast_haul|fast_haul|fast_haul,48,88,0,0.00,0.00,7.78,0,0,1145,0.00,0.96,70.50,-2,1.41,0,8,0,6,3,40,6,0,0,0,0,4,0,30,31
builder,143542,ship,12,53,10,0,0,0,2,0,19,0,fast_haul|fast_haul|fast_haul|fast_haul|fast_haul|fast_haul|fast_haul|fast_haul|fast_haul|fast_haul|fast_haul|fast_haul,48,86,61,0.00,0.00,0.00,0,0,0,0.00,1.19,72.45,-2,1.64,0,9,0,6,3,50,6,0,0,0,0,5,0,32,25
builder,151461,ship,12,43,8,0,0,0,2,0,19,0,fast_haul|fast_haul|fast_haul|fast_haul|fast_haul|fast_haul|fast_haul|fast_haul|fast_haul|fast_haul|fast_haul|fast_haul,49,85,13,0.00,0.00,2.79,0,0,0,0.00,1.21,70.90,-2,1.52,0,8,0,6,3,40,6,0,0,0,0,7,0,30,31
gatherer,1000,ship,12,36,3,3,2,1,6,0,38,0,deep_dive|deep_dive|deep_dive|deep_dive|deep_dive|deep_dive|deep_dive|deep_dive|deep_dive|deep_dive|deep_dive|deep_dive,20,3,0,0.95,17.60,24.17,0,0,1650,0.00,1.44,53.82,-5,1.00,0,2,3,9,21,15,6,0,0,0,0,0,0,50,0
gatherer,8919,ship,12,41,4,2,1,1,6,0,38,0,deep_dive|deep_dive|deep_dive|deep_dive|deep_dive|deep_dive|deep_dive|deep_dive|deep_dive|deep_dive|deep_dive|deep_dive,21,0,0,0.96,26.18,25.79,0,284,2015,1.87,0.92,47.26,-5,1.00,0,1,3,9,21,20,6,0,0,0,0,4,0,52,0
gatherer,16838,ship,12,46,5,1,1,0,6,0,38,0,deep_dive|deep_dive|deep_dive|deep_dive|deep_dive|deep_dive|deep_dive|deep_dive|deep_dive|deep_dive|deep_dive|deep_dive,48,37,15,0.00,0.00,13.78,0,0,0,0.00,1.86,46.84,-5,1.04,0,5,3,9,21,25,6,0,0,0,0,16,0,60,11
gatherer,24757,ship,12,41,4,2,2,0,6,0,38,0,deep_dive|deep_dive|deep_dive|deep_dive|deep_dive|deep_dive|deep_dive|deep_dive|deep_dive|deep_dive|deep_dive|deep_dive,33,8,0,0.00,9.92,23.62,0,0,1444,0.00,1.60,49.79,-5,1.19,0,5,3,9,21,20,6,0,0,0,0,8,0,55,5
gatherer,32676,ship,12,46,5,1,1,0,6,0,38,0,deep_dive|deep_dive|deep_dive|deep_dive|deep_dive|deep_dive|deep_dive|deep_dive|deep_dive|deep_dive|deep_dive|deep_dive,48,34,25,0.00,0.00,3.63,0,0,0,0.00,3.26,45.92,-5,1.40,0,5,3,9,21,25,6,0,0,0,0,16,0,60,6
gatherer,40595,ship,12,41,4,2,2,0,6,0,38,0,deep_dive|deep_dive|deep_dive|deep_dive|deep_dive|deep_dive|deep_dive|deep_dive|deep_dive|deep_dive|deep_dive|deep_dive,35,18,0,0.00,7.84,15.16,0,0,1039,0.00,1.91,48.46,-5,1.15,0,5,3,9,21,20,6,0,0,0,0,12,0,56,8
gatherer,48514,ship,12,46,5,3,3,0,6,0,38,0,deep_dive|deep_dive|deep_dive|deep_dive|deep_dive|deep_dive|deep_dive|deep_dive|deep_dive|deep_dive|deep_dive|deep_dive,36,0,0,0.00,23.54,13.39,0,455,1590,2.15,2.35,62.69,-5,1.00,0,6,3,9,21,25,6,0,0,0,0,8,0,56,0
gatherer,56433,wipe,11,9,2,4,2,2,6,0,36,0,deep_dive|deep_dive|deep_dive|deep_dive|deep_dive|deep_dive|deep_dive|deep_dive|deep_dive|deep_dive,47,22,0,0.00,3.62,34.47,0,0,415,0.00,1.21,49.60,-5,1.79,0,1,3,9,21,10,6,0,0,0,0,16,0,48,1
gatherer,64352,ship,12,41,4,2,1,1,6,0,38,0,deep_dive|deep_dive|deep_dive|deep_dive|deep_dive|deep_dive|deep_dive|deep_dive|deep_dive|deep_dive|deep_dive|deep_dive,35,25,0,0.00,1.95,21.40,0,0,2400,0.00,1.51,48.01,-5,2.00,0,3,3,9,21,20,6,0,0,0,0,0,0,52,7
gatherer,72271,ship,12,41,4,2,1,1,6,0,38,0,deep_dive|deep_dive|deep_dive|deep_dive|deep_dive|deep_dive|deep_dive|deep_dive|deep_dive|deep_dive|deep_dive|deep_dive,31,0,0,0.00,6.34,50.10,0,375,2708,2.85,1.51,46.62,-5,1.20,0,3,3,9,21,20,6,0,0,0,0,0,0,52,3
gatherer,80190,ship,12,51,6,3,1,2,6,0,38,0,deep_dive|deep_dive|deep_dive|deep_dive|deep_dive|deep_dive|deep_dive|deep_dive|deep_dive|deep_dive|deep_dive|deep_dive,35,9,0,0.00,15.58,17.80,0,0,2456,0.00,2.43,64.58,-5,1.00,0,7,3,9,21,30,6,0,0,0,0,8,0,56,2
gatherer,88109,ship,12,51,6,2,1,1,6,0,38,0,deep_dive|deep_dive|deep_dive|deep_dive|deep_dive|deep_dive|deep_dive|deep_dive|deep_dive|deep_dive|deep_dive|deep_dive,20,0,0,0.74,19.34,17.01,0,135,2524,0.64,2.07,61.06,-5,1.84,0,5,3,9,21,30,6,0,0,0,0,10,0,56,3
gatherer,96028,ship,12,46,5,1,1,0,6,0,38,0,deep_dive|deep_dive|deep_dive|deep_dive|deep_dive|deep_dive|deep_dive|deep_dive|deep_dive|deep_dive|deep_dive|deep_dive,48,8,21,0.00,14.09,7.48,0,0,0,0.00,2.18,50.68,-5,2.00,0,3,3,9,21,25,6,0,0,0,0,16,0,60,4
gatherer,103947,ship,12,46,5,1,1,0,6,0,38,0,deep_dive|deep_dive|deep_dive|deep_dive|deep_dive|deep_dive|deep_dive|deep_dive|deep_dive|deep_dive|deep_dive|deep_dive,47,34,0,0.00,0.00,27.16,0,0,789,0.00,2.19,44.11,-5,1.00,0,5,3,9,21,25,6,0,0,0,0,16,0,56,9
gatherer,111866,ship,12,46,5,1,1,0,6,0,38,0,deep_dive|deep_dive|deep_dive|deep_dive|deep_dive|deep_dive|deep_dive|deep_dive|deep_dive|deep_dive|deep_dive|deep_dive,48,20,0,0.00,6.19,22.98,0,0,1448,0.00,1.90,55.51,-5,1.72,0,6,3,9,21,25,6,0,0,0,0,12,0,54,4
gatherer,119785,ship,12,41,4,2,2,0,6,0,38,0,deep_dive|deep_dive|deep_dive|deep_dive|deep_dive|deep_dive|deep_dive|deep_dive|deep_dive|deep_dive|deep_dive|deep_dive,27,0,0,0.18,15.88,29.26,0,2,1009,2.67,2.36,50.52,-5,1.00,0,5,3,9,21,20,6,0,0,0,0,12,0,54,5
gatherer,127704,ship,12,56,7,1,1,0,6,0,38,0,deep_dive|deep_dive|deep_dive|deep_dive|deep_dive|deep_dive|deep_dive|deep_dive|deep_dive|deep_dive|deep_dive|deep_dive,42,13,10,0.00,21.31,16.30,0,0,0,0.00,2.59,60.59,-5,1.08,0,7,3,9,21,35,6,0,0,0,0,16,0,62,5
gatherer,135623,ship,12,46,5,1,1,0,6,0,38,0,deep_dive|deep_dive|deep_dive|deep_dive|deep_dive|deep_dive|deep_dive|deep_dive|deep_dive|deep_dive|deep_dive|deep_dive,48,7,0,0.00,23.88,28.30,0,0,338,0.00,2.41,52.63,-5,1.00,0,5,3,9,21,25,6,0,0,0,0,16,0,62,6
gatherer,143542,ship,12,41,4,2,2,0,6,0,38,0,deep_dive|deep_dive|deep_dive|deep_dive|deep_dive|deep_dive|deep_dive|deep_dive|deep_dive|deep_dive|deep_dive|deep_dive,44,27,10,0.00,2.43,12.41,0,0,0,0.00,1.05,47.46,-5,1.32,0,5,3,9,21,20,6,0,0,0,0,16,0,56,9
gatherer,151461,ship,12,41,4,2,2,0,6,0,38,0,deep_dive|deep_dive|deep_dive|deep_dive|deep_dive|deep_dive|deep_dive|deep_dive|deep_dive|deep_dive|deep_dive|deep_dive,46,0,0,0.00,11.97,14.90,0,235,560,3.77,2.91,45.36,-5,1.10,0,5,3,9,21,20,6,0,0,0,0,16,0,56,9
balanced,1000,ship,12,43,5,2,1,1,7,0,53,0,fast_haul|fast_haul|fast_haul|fast_haul|fast_haul|fast_haul|fast_haul|fast_haul|fast_haul|fast_haul|fast_haul|fast_haul,48,11,1,0.00,21.69,10.31,0,0,0,0.00,1.37,66.68,-4,1.09,0,5,3,10,18,25,6,0,0,0,0,16,0,32,7
balanced,8919,ship,12,52,6,1,1,0,7,0,56,0,fast_haul|fast_haul|fast_haul|fast_haul|fast_haul|fast_haul|fast_haul|fast_haul|fast_haul|fast_haul|fast_haul|fast_haul,52,0,0,0.00,23.83,27.31,0,260,979,5.09,1.32,66.86,-4,1.46,0,6,3,10,22,30,6,0,0,0,4,16,0,30,14
balanced,16838,ship,12,53,7,0,0,0,7,0,53,0,fast_haul|fast_haul|fast_haul|fast_haul|fast_haul|fast_haul|fast_haul|fast_haul|fast_haul|fast_haul|fast_haul|fast_haul,46,13,0,0.00,12.18,5.01,0,0,376,0.00,2.71,71.25,-4,1.58,0,7,3,10,18,35,6,0,0,0,0,16,0,32,14
balanced,24757,ship,12,48,6,0,0,0,7,0,59,0,fast_haul|fast_haul|fast_haul|fast_haul|fast_haul|fast_haul|fast_haul|fast_haul|fast_haul|fast_haul|fast_haul|fast_haul,52,24,37,0.00,3.31,0.00,0,0,0,0.00,1.30,68.25,-4,1.40,0,6,3,10,18,30,6,0,0,0,0,16,0,32,13
balanced,32676,ship,12,43,5,1,1,0,7,0,54,0,fast_haul|fast_haul|fast_haul|fast_haul|fast_haul|fast_haul|fast_haul|fast_haul|fast_haul|fast_haul|fast_haul|fast_haul,50,5,0,0.00,18.78,18.91,0,0,556,0.00,1.69,63.59,-4,1.20,0,4,3,10,18,25,6,0,0,0,0,16,0,28,7
balanced,40595,ship,12,53,7,0,0,0,7,0,56,0,fast_haul|fast_haul|fast_haul|fast_haul|fast_haul|fast_haul|fast_haul|fast_haul|fast_haul|fast_haul|fast_haul|fast_haul,50,27,55,0.00,2.55,0.00,0,0,0,0.00,1.33,67.72,-4,1.48,0,7,3,10,18,35,6,0,0,0,0,16,0,28,12
balanced,48514,ship,12,50,7,0,0,0,7,0,52,0,fast_haul|fast_haul|fast_haul|fast_haul|fast_haul|fast_haul|fast_haul|fast_haul|fast_haul|fast_haul|fast_haul|fast_haul,51,0,0,0.00,27.31,4.18,0,489,301,5.26,1.36,72.29,-4,1.08,0,7,3,10,15,35,6,0,0,0,0,16,0,32,8
balanced,56433,ship,12,48,6,1,0,1,7,0,56,0,fast_haul|fast_haul|fast_haul|fast_haul|fast_haul|fast_haul|fast_haul|fast_haul|fast_haul|fast_haul|fast_haul|fast_haul,46,0,17,0.00,13.92,2.90,0,75,0,5.64,1.32,69.47,-4,1.00,0,6,3,10,18,30,6,0,0,0,0,16,0,30,12
balanced,64352,ship,12,68,10,0,0,0,7,0,56,0,fast_haul|fast_haul|fast_haul|fast_haul|fast_haul|fast_haul|fast_haul|fast_haul|fast_haul|fast_haul|fast_haul|fast_haul,48,29,55,0.00,0.25,0.00,0,0,0,0.00,1.40,70.77,-4,1.44,0,9,3,10,18,50,6,0,0,0,0,16,0,32,17
balanced,72271,ship,12,48,6,0,0,0,7,0,56,0,fast_haul|fast_haul|fast_haul|fast_haul|fast_haul|fast_haul|fast_haul|fast_haul|fast_haul|fast_haul|fast_haul|fast_haul,48,0,0,0.00,22.87,30.47,0,438,1984,5.22,0.93,66.66,-4,1.00,0,5,3,10,18,30,6,0,0,0,0,16,0,32,10
balanced,80190,ship,12,48,6,0,0,0,7,0,53,0,fast_haul|fast_haul|fast_haul|fast_haul|fast_haul|fast_haul|fast_haul|fast_haul|fast_haul|fast_haul|fast_haul|fast_haul,52,0,0,0.00,27.49,2.82,0,164,1,2.64,0.63,72.72,-4,2.00,0,1,3,10,18,30,6,0,0,0,0,16,0,32,3
balanced,88109,ship,12,50,7,0,0,0,7,0,51,0,fast_haul|fast_haul|fast_haul|fast_haul|fast_haul|fast_haul|fast_haul|fast_haul|fast_haul|fast_haul|fast_haul|fast_haul,50,26,55,0.00,2.11,0.00,0,0,0,0.00,2.40,69.34,-4,1.36,0,7,3,10,15,35,6,0,0,0,0,16,0,32,10
balanced,96028,ship,12,33,4,2,2,0,7,0,47,0,fast_haul|fast_haul|fast_haul|fast_haul|fast_haul|fast_haul|fast_haul|fast_haul|fast_haul|fast_haul|fast_haul|fast_haul,50,0,0,0.00,10.99,15.46,0,197,111,5.90,2.52,65.48,-4,1.56,0,5,3,10,13,20,6,0,0,0,1,16,0,32,10
balanced,103947,ship,12,48,6,0,0,0,7,0,56,0,fast_haul|fast_haul|fast_haul|fast_haul|fast_haul|fast_haul|fast_haul|fast_haul|fast_haul|fast_haul|fast_haul|fast_haul,50,13,0,0.00,20.67,19.03,0,0,533,0.00,1.15,70.43,-4,1.55,0,5,3,10,18,30,6,0,0,0,0,16,0,30,9
balanced,111866,ship,12,58,8,1,1,0,7,0,56,0,fast_haul|fast_haul|fast_haul|fast_haul|fast_haul|fast_haul|fast_haul|fast_haul|fast_haul|fast_haul|fast_haul|fast_haul,49,24,0,0.00,2.26,18.79,0,0,3,0.00,1.11,72.74,-4,1.28,0,9,3,10,18,40,6,0,0,0,0,16,0,30,12
balanced,119785,ship,12,43,5,1,1,0,7,0,50,0,fast_haul|fast_haul|fast_haul|fast_haul|fast_haul|fast_haul|fast_haul|fast_haul|fast_haul|fast_haul|fast_haul|fast_haul,45,0,2,0.00,30.37,21.42,0,535,0,6.18,1.37,64.90,-4,1.49,0,5,3,10,18,25,6,0,0,0,0,16,0,32,8
balanced,127704,ship,12,49,5,1,1,0,7,0,56,0,fast_haul|fast_haul|fast_haul|fast_haul|fast_haul|fast_haul|fast_haul|fast_haul|fast_haul|fast_haul|fast_haul|fast_haul,52,28,20,0.00,1.45,4.58,0,0,0,0.00,2.66,62.75,-4,1.64,0,5,3,10,24,25,6,0,0,0,6,15,0,28,9
balanced,135623,ship,12,48,6,2,0,2,7,0,56,0,fast_haul|fast_haul|fast_haul|fast_haul|fast_haul|fast_haul|fast_haul|fast_haul|fast_haul|fast_haul|fast_haul|fast_haul,48,14,0,0.00,17.76,17.72,0,0,2038,0.00,1.22,69.07,-4,1.10,0,6,3,10,18,30,6,0,0,0,0,16,0,30,7
balanced,143542,ship,12,48,5,2,1,1,7,0,59,0,fast_haul|fast_haul|fast_haul|fast_haul|fast_haul|fast_haul|fast_haul|fast_haul|fast_haul|fast_haul|fast_haul|fast_haul,52,26,26,0.00,2.73,1.58,0,0,0,0.00,1.01,69.51,-4,1.60,0,6,3,10,23,25,6,0,0,0,5,16,0,30,12
balanced,151461,ship,12,48,6,1,1,0,7,0,56,0,fast_haul|fast_haul|fast_haul|fast_haul|fast_haul|fast_haul|fast_haul|fast_haul|fast_haul|fast_haul|fast_haul|fast_haul,46,0,0,0.00,23.06,5.66,0,568,499,2.53,2.35,72.74,-4,1.44,0,7,3,10,18,30,6,0,0,0,0,16,0,30,9
